CustomerID,ProdTaken,Age,CityTier,DurationOfPitch,NumberOfPersonVisiting,NumberOfFollowups,PreferredPropertyStar,NumberOfTrips,Passport,PitchSatisfactionScore,OwnCar,NumberOfChildrenVisiting,MonthlyIncome,TypeofContact,Occupation,Gender,ProductPitched,MaritalStatus,Designation
200000.0,1,41.0,3.0,6.0,3.0,3.0,3.0,1.0,1.0,2.0,1.0,0.0,20993.0,1,2,0,Deluxe,2,2
200002.0,1,37.0,1.0,8.0,3.0,4.0,3.0,7.0,1.0,3.0,0.0,0.0,17090.0,1,0,1,Basic,2,1
200014.0,1,28.0,1.0,30.0,2.0,4.0,3.0,6.0,1.0,2.0,0.0,0.0,17028.0,1,2,1,Basic,2,1
200021.0,1,37.62226512226512,3.0,15.0,2.0,4.0,5.0,1.0,0.0,2.0,0.0,0.0,18407.0,1,2,1,Deluxe,2,2
200024.0,1,34.0,1.0,12.0,2.0,3.0,5.0,3.0,0.0,2.0,1.0,1.0,17960.0,1,3,1,Basic,2,1
200026.0,1,37.62226512226512,1.0,22.0,3.0,5.0,5.0,2.0,1.0,4.0,1.0,2.0,23619.85349087003,0,2,0,Basic,2,1
200033.0,1,39.0,3.0,11.0,2.0,3.0,3.0,4.0,0.0,2.0,0.0,1.0,17086.0,1,1,1,Deluxe,0,2
200034.0,1,24.0,1.0,6.0,3.0,3.0,3.0,3.0,1.0,3.0,1.0,2.0,17293.0,1,3,1,Basic,0,1
200036.0,1,50.0,3.0,9.0,2.0,4.0,3.0,2.0,1.0,4.0,0.0,0.0,17683.0,1,3,1,Basic,0,1
200042.0,1,26.0,1.0,31.0,2.0,5.0,3.0,2.0,0.0,2.0,1.0,1.0,17293.0,1,2,1,Basic,2,1
200045.0,1,41.0,1.0,18.0,2.0,3.0,3.0,2.0,0.0,4.0,1.0,0.0,34545.0,1,1,0,King,0,4
200050.0,1,48.0,1.0,6.0,3.0,4.0,3.0,1.0,1.0,5.0,0.0,2.0,20381.0,1,2,1,Standard,2,3
200051.0,1,37.62226512226512,1.0,11.0,2.0,3.0,3.0,2.0,1.0,2.0,1.0,0.0,18441.0,1,1,1,Basic,2,1
200069.0,1,37.62226512226512,1.0,15.0,3.0,4.0,3.0,1.0,1.0,2.0,0.0,1.0,18388.0,1,3,1,Basic,0,1
200089.0,1,46.0,3.0,15.0,3.0,4.0,3.0,2.0,0.0,5.0,0.0,1.0,24619.0,1,3,1,Standard,3,3
200100.0,1,37.0,2.0,12.0,3.0,3.0,5.0,5.0,1.0,2.0,1.0,0.0,17073.0,1,2,1,Basic,1,1
200102.0,1,20.0,1.0,12.0,3.0,4.0,3.0,2.0,1.0,2.0,1.0,1.0,17926.0,0,2,0,Basic,2,1
200107.0,1,25.0,3.0,11.0,2.0,4.0,3.0,2.0,1.0,3.0,1.0,0.0,20744.0,1,3,1,Deluxe,2,2
200111.0,1,34.0,1.0,13.0,3.0,5.0,3.0,2.0,1.0,5.0,1.0,1.0,21074.0,0,2,1,Deluxe,2,2
200122.0,1,56.0,1.0,20.0,3.0,3.708445178608301,4.0,1.0,1.0,5.0,1.0,1.0,19963.0,1,2,0,Basic,0,1
200124.0,1,31.0,3.0,12.0,3.0,5.0,3.0,5.0,1.0,3.0,1.0,1.0,21172.0,1,2,1,Deluxe,0,2
200126.0,1,58.0,1.0,29.0,3.0,3.0,3.0,2.0,0.0,3.0,1.0,0.0,25312.0,1,3,0,Standard,0,3
200127.0,1,19.0,3.0,28.0,2.0,3.0,3.0,2.0,1.0,2.0,0.0,1.0,16675.0,1,3,1,Basic,2,1
200132.0,1,31.0,3.0,15.490834591330602,3.0,5.0,3.0,4.0,1.0,3.0,1.0,0.0,19559.0,1,2,0,Deluxe,0,2
200136.0,1,51.0,1.0,14.0,2.0,5.0,3.0,3.0,0.0,2.0,0.0,1.0,25650.0,0,2,1,Standard,3,3
200140.0,1,37.62226512226512,1.0,15.0,2.0,3.0,5.0,1.0,0.0,4.0,1.0,1.0,23619.85349087003,1,3,0,Basic,2,1
200171.0,1,19.0,3.0,6.0,3.0,5.0,5.0,1.0,0.0,3.0,1.0,1.0,17325.0,0,1,0,Basic,2,1
200177.0,1,19.0,1.0,8.0,2.0,4.0,3.0,2.0,0.0,5.0,0.0,0.0,16102.0,1,2,1,Basic,2,1
200182.0,1,41.0,3.0,26.0,3.0,3.0,4.0,2.0,1.0,4.0,0.0,2.0,18140.0,1,3,0,Basic,2,1
200192.0,1,35.0,1.0,29.0,2.0,4.0,3.0,4.0,1.0,4.0,1.0,1.0,20916.0,1,2,1,Deluxe,0,2
200204.0,1,38.0,1.0,35.0,3.0,3.0,5.0,1.0,1.0,3.0,0.0,1.0,21673.0,1,3,1,Deluxe,0,2
200205.0,1,29.0,3.0,33.0,2.0,3.0,3.0,2.0,0.0,3.0,1.0,1.0,22639.0,1,3,0,Standard,0,3
200210.0,1,32.0,3.0,10.0,2.0,5.0,3.0,2.0,0.0,2.0,1.0,1.0,25400.0,1,3,1,Standard,0,3
200214.0,1,30.0,1.0,9.0,2.0,3.0,5.0,6.0,1.0,4.0,1.0,1.0,17657.0,1,1,0,Basic,2,1
200216.0,1,30.0,3.0,32.0,2.0,4.0,5.0,6.0,0.0,2.0,0.0,1.0,21696.0,0,3,0,Deluxe,3,2
200217.0,1,29.0,1.0,6.0,2.0,3.0,3.0,1.0,0.0,2.0,0.0,0.0,17058.0,1,1,1,Basic,2,1
200229.0,1,29.0,1.0,24.0,2.0,4.0,3.0,2.0,1.0,3.0,0.0,1.0,17389.0,1,3,1,Basic,2,1
200234.0,1,33.0,1.0,20.0,2.0,3.0,3.0,6.0,1.0,2.0,0.0,1.0,17436.0,1,3,1,Basic,0,1
200236.0,1,33.0,1.0,8.0,2.0,3.0,5.0,1.0,0.0,3.0,1.0,0.0,17707.0,1,2,0,Basic,0,1
200239.0,1,37.62226512226512,1.0,6.0,3.0,4.0,3.0,1.0,1.0,5.0,1.0,0.0,23619.85349087003,1,2,1,Basic,2,1
200250.0,1,37.0,1.0,16.0,3.0,3.0,3.0,7.0,0.0,3.0,1.0,2.0,25048.0,0,3,1,Standard,1,3
200259.0,1,37.62226512226512,1.0,35.0,3.0,4.0,4.0,1.0,0.0,3.0,1.0,2.0,18479.0,0,3,1,Basic,2,1
200264.0,1,37.62226512226512,1.0,8.0,3.0,3.0,3.0,3.0,0.0,4.0,1.0,1.0,18485.0,1,2,1,Basic,2,1
200271.0,1,47.0,1.0,35.0,2.0,3.0,4.0,2.0,1.0,3.0,1.0,0.0,26849.0,0,2,1,Standard,0,3
200286.0,1,44.0,1.0,30.0,2.0,3.0,3.0,4.0,1.0,5.0,0.0,1.0,18161.0,0,2,1,Basic,1,1
200288.0,1,26.0,1.0,22.0,2.0,3.0,4.0,3.0,1.0,2.0,1.0,1.0,17373.0,1,3,1,Basic,1,1
200293.0,1,26.0,3.0,10.0,2.0,4.0,3.0,2.0,1.0,2.0,1.0,1.0,20828.0,1,3,1,Deluxe,2,2
200296.0,1,18.0,1.0,9.0,2.0,3.0,3.0,2.0,0.0,4.0,0.0,0.0,16420.0,1,2,1,Basic,2,1
200317.0,1,52.0,1.0,14.0,2.0,3.708445178608301,4.0,3.0,0.0,2.0,1.0,1.0,19941.0,1,3,1,Deluxe,0,2
200323.0,1,37.62226512226512,1.0,8.0,2.0,5.0,3.0,6.0,1.0,3.0,1.0,0.0,18464.0,1,3,1,Basic,0,1
200327.0,1,39.0,3.0,9.0,2.0,3.0,3.0,5.0,1.0,4.0,1.0,1.0,20238.0,1,3,0,Deluxe,0,2
200336.0,1,29.0,1.0,14.0,3.0,5.0,5.0,2.0,1.0,3.0,1.0,1.0,17119.0,1,2,1,Basic,0,1
200357.0,1,21.0,3.0,6.0,2.0,4.0,4.0,2.0,1.0,5.0,1.0,1.0,17174.0,0,1,0,Basic,2,1
200363.0,1,33.0,3.0,11.0,2.0,3.0,3.0,2.0,1.0,2.0,1.0,0.0,17851.0,1,3,0,Basic,2,1
200366.0,1,41.0,3.0,10.0,2.0,3.0,4.0,2.0,0.0,3.0,1.0,0.0,24355.0,0,3,1,Deluxe,3,2
200368.0,1,40.0,3.0,28.0,3.0,4.0,3.0,3.0,1.0,3.0,1.0,1.0,21380.0,1,3,1,Deluxe,0,2
200370.0,1,21.0,3.0,18.0,2.0,2.0,4.0,2.0,0.0,5.0,0.0,1.0,17716.0,1,2,0,Basic,2,1
200378.0,1,34.0,3.0,25.0,3.0,2.0,3.0,1.0,1.0,2.0,1.0,2.0,20304.0,0,3,1,Deluxe,2,2
200382.0,1,26.0,1.0,9.0,3.0,3.0,5.0,1.0,0.0,3.0,0.0,2.0,18102.0,0,1,1,Basic,2,1
200385.0,1,30.0,1.0,10.0,2.0,3.0,3.0,19.0,1.0,4.0,1.0,1.0,17285.0,0,1,1,Basic,2,1
200405.0,1,37.62226512226512,1.0,9.0,3.0,3.0,5.0,6.0,0.0,5.0,1.0,1.0,23619.85349087003,1,3,1,Basic,0,1
200414.0,1,24.0,3.0,6.0,3.0,3.0,4.0,2.0,1.0,4.0,1.0,2.0,18202.0,1,1,0,Basic,2,1
200415.0,1,34.0,3.0,12.0,2.0,5.0,3.0,1.0,0.0,4.0,1.0,1.0,17351.0,0,3,0,Basic,1,1
200421.0,1,29.0,1.0,31.0,3.0,4.0,4.0,6.0,0.0,3.0,0.0,2.0,17546.0,1,1,0,Basic,0,1
200422.0,1,19.0,2.0,8.0,2.0,4.0,3.0,2.0,0.0,3.0,1.0,1.0,17564.0,1,1,1,Basic,2,1
200435.0,1,33.0,1.0,21.0,2.0,3.0,3.0,1.0,1.0,5.0,0.0,0.0,28610.0,1,3,1,Standard,0,3
200436.0,1,37.62226512226512,1.0,16.0,2.0,5.0,3.0,1.0,0.0,5.0,0.0,0.0,18408.0,1,3,1,Basic,1,1
200439.0,1,31.0,1.0,26.0,3.0,3.0,3.0,4.0,0.0,3.0,1.0,0.0,24824.0,0,2,1,Standard,0,3
200440.0,1,34.0,2.0,29.0,2.0,3.0,5.0,1.0,1.0,3.0,1.0,0.0,24950.0,0,2,0,Standard,1,3
200443.0,1,37.62226512226512,1.0,10.0,2.0,4.0,3.0,6.0,0.0,5.0,1.0,0.0,23619.85349087003,0,1,1,Basic,2,1
200453.0,1,26.0,2.0,23.0,2.0,3.0,3.0,1.0,1.0,5.0,0.0,1.0,17741.0,0,2,0,Basic,1,1
200457.0,1,18.0,3.0,11.0,3.0,3.0,4.0,2.0,1.0,4.0,1.0,2.0,16878.0,0,3,1,Basic,2,1
200463.0,1,26.0,1.0,30.0,3.0,5.0,3.0,2.0,1.0,3.0,1.0,2.0,17340.0,1,1,1,Basic,2,1
200469.0,1,32.0,3.0,15.490834591330602,2.0,2.0,3.0,1.0,0.0,3.0,1.0,1.0,19707.0,0,2,1,Deluxe,0,2
200479.0,1,24.0,1.0,13.0,2.0,3.0,3.0,2.0,1.0,4.0,0.0,0.0,17886.0,0,2,0,Basic,0,1
200480.0,1,30.0,3.0,18.0,3.0,4.0,5.0,2.0,0.0,5.0,1.0,0.0,17033.0,0,2,1,Basic,0,1
200482.0,1,31.0,3.0,19.0,2.0,3.0,5.0,3.0,0.0,2.0,0.0,0.0,23619.85349087003,1,3,1,Deluxe,1,2
200495.0,1,27.0,3.0,8.0,2.0,3.0,5.0,1.0,0.0,5.0,0.0,1.0,18041.0,1,3,1,Basic,1,1
200504.0,1,45.0,3.0,15.490834591330602,3.0,3.0,5.0,3.0,0.0,2.0,0.0,0.0,23619.85349087003,0,2,0,Deluxe,0,2
200513.0,1,20.0,1.0,16.0,2.0,3.0,3.0,2.0,1.0,5.0,0.0,0.0,16009.0,1,3,1,Basic,2,1
200514.0,1,33.0,1.0,9.0,3.0,3.0,5.0,2.0,1.0,5.0,1.0,2.0,18348.0,0,2,1,Basic,2,1
200525.0,1,24.0,3.0,15.490834591330602,3.0,3.0,3.0,1.0,0.0,2.0,1.0,0.0,19577.0,1,2,0,Deluxe,2,2
200528.0,1,50.0,3.0,14.0,2.0,3.0,3.0,4.0,1.0,5.0,1.0,0.0,21796.0,0,1,1,Deluxe,0,2
200540.0,1,28.0,1.0,6.0,3.0,5.0,4.0,1.0,1.0,2.0,1.0,0.0,17216.0,1,2,0,Basic,2,1
200547.0,1,42.0,1.0,25.0,2.0,2.0,3.0,7.0,1.0,3.0,1.0,1.0,17759.0,0,3,1,Basic,1,1
200562.0,1,33.0,1.0,6.0,3.0,3.0,3.0,2.0,1.0,3.0,1.0,0.0,17686.0,1,2,1,Basic,2,1
200566.0,1,47.0,3.0,33.0,3.0,1.0,3.0,5.0,1.0,4.0,1.0,2.0,21397.0,0,2,0,Deluxe,3,2
200568.0,1,55.0,1.0,8.0,3.0,3.0,5.0,6.0,1.0,2.0,1.0,1.1872666943177106,34859.0,1,3,1,King,0,4
200573.0,1,26.0,3.0,14.0,2.0,4.0,5.0,7.0,0.0,3.0,1.0,1.0,20326.0,1,1,1,Deluxe,2,2
200585.0,1,23.0,1.0,12.0,3.0,1.0,5.0,2.0,1.0,3.0,1.0,2.0,16601.0,1,2,1,Basic,0,1
200589.0,1,29.0,1.0,6.0,2.0,4.0,5.0,2.0,1.0,2.0,0.0,0.0,17319.0,1,2,0,Basic,0,1
200591.0,1,33.0,3.0,22.0,3.0,3.0,5.0,6.0,0.0,3.0,1.0,0.0,20324.0,1,3,0,Deluxe,2,2
200595.0,1,58.0,1.0,8.0,2.0,3.0,4.0,1.0,1.0,3.0,1.0,1.0,34246.0,1,2,1,King,2,4
200598.0,1,28.0,1.0,15.490834591330602,2.0,3.0,3.0,7.0,0.0,3.0,0.0,0.0,23619.85349087003,1,3,1,Basic,2,1
200607.0,1,49.0,3.0,17.0,2.0,3.0,3.0,2.0,0.0,4.0,0.0,1.0,22654.0,1,3,0,Standard,0,3
200608.0,1,55.0,3.0,8.0,2.0,3.0,3.0,5.0,0.0,2.0,0.0,1.0,20160.0,1,3,1,Deluxe,2,2
200614.0,1,26.0,1.0,11.0,2.0,4.0,3.0,2.0,1.0,2.0,0.0,1.0,17366.0,0,3,0,Basic,0,1
200636.0,1,35.0,1.0,31.0,3.0,3.0,4.0,2.0,1.0,3.0,0.0,0.0,17022.0,0,2,0,Basic,1,1
200645.0,1,29.0,3.0,6.0,2.0,4.0,3.0,7.0,1.0,2.0,0.0,1.0,17800.0,1,3,0,Basic,1,1
200656.0,1,32.0,1.0,31.0,2.0,3.0,3.0,2.0,1.0,5.0,1.0,0.0,17795.0,1,2,1,Basic,2,1
200660.0,1,58.0,1.0,8.0,2.0,4.0,3.0,1.0,1.0,2.0,0.0,0.0,17380.0,0,2,1,Basic,1,1
200662.0,1,20.0,3.0,8.0,2.0,4.0,3.0,2.0,0.0,4.0,0.0,1.0,17044.0,1,3,0,Basic,2,1
200663.0,1,21.0,1.0,24.0,3.0,3.0,3.0,2.0,0.0,3.0,1.0,1.0,17693.0,1,2,0,Basic,2,1
200666.0,1,37.62226512226512,1.0,9.0,2.0,3.0,3.0,1.0,1.0,5.0,1.0,1.0,23619.85349087003,1,2,0,Deluxe,0,2
200667.0,1,41.0,1.0,8.0,2.0,5.0,3.0,5.0,1.0,3.0,0.0,0.0,17778.0,1,2,0,Basic,1,1
200669.0,1,39.0,1.0,12.0,3.0,3.0,5.0,1.0,1.0,2.0,1.0,1.0,17404.0,1,3,1,Basic,0,1
200683.0,1,25.0,3.0,25.0,2.0,4.0,4.0,2.0,1.0,2.0,0.0,0.0,17413.0,1,3,1,Basic,0,1
200688.0,1,19.0,3.0,27.0,2.0,4.0,4.0,2.0,1.0,2.0,0.0,1.0,17121.0,1,2,1,Basic,2,1
200689.0,1,20.0,1.0,10.0,2.0,3.0,5.0,2.0,0.0,3.0,1.0,1.0,17973.0,1,1,1,Basic,2,1
200693.0,1,36.0,3.0,9.0,2.0,4.0,3.0,2.0,1.0,2.0,1.0,0.0,25325.0,1,2,1,Standard,0,3
200695.0,1,37.0,3.0,6.0,2.0,4.0,3.0,6.0,0.0,2.0,1.0,1.0,25609.0,1,2,1,Standard,0,3
200700.0,1,58.0,1.0,8.0,2.0,3.0,3.0,5.0,0.0,2.0,1.0,1.0,17479.0,1,1,1,Basic,2,1
200706.0,1,40.0,3.0,30.0,3.0,1.0,4.0,5.0,1.0,3.0,1.0,2.0,28194.0,0,2,0,Super Deluxe,3,0
200709.0,1,31.0,1.0,15.0,2.0,4.0,5.0,1.0,1.0,3.0,1.0,0.0,17321.0,0,3,1,Basic,2,1
200711.0,1,29.0,1.0,16.0,3.0,4.0,5.0,7.0,1.0,5.0,1.0,1.0,17404.0,1,2,0,Basic,2,1
200720.0,1,30.0,1.0,28.0,2.0,3.0,3.0,5.0,1.0,2.0,0.0,1.0,17132.0,1,2,0,Basic,0,1
200725.0,1,37.62226512226512,1.0,20.0,2.0,4.0,4.0,2.0,1.0,5.0,1.0,1.0,23619.85349087003,1,2,1,Basic,1,1
200731.0,1,20.0,1.0,17.0,3.0,4.0,5.0,2.0,1.0,3.0,0.0,1.0,17600.0,1,3,0,Basic,2,1
200732.0,1,30.0,1.0,11.0,2.0,3.0,4.0,1.0,0.0,3.0,0.0,0.0,17422.0,0,3,0,Basic,2,1
200744.0,1,37.0,1.0,15.490834591330602,3.0,5.0,4.0,6.0,0.0,4.0,1.0,0.0,19777.0,1,3,0,Deluxe,0,2
200748.0,1,26.0,3.0,35.0,3.0,3.708445178608301,5.0,1.0,0.0,3.0,0.0,0.0,19969.0,0,3,1,Deluxe,2,2
200749.0,1,52.0,3.0,8.0,2.0,5.0,3.0,2.0,0.0,3.0,1.0,1.1872666943177106,34845.0,1,3,0,King,0,4
200752.0,1,36.0,1.0,22.0,2.0,1.0,5.0,2.0,0.0,2.0,1.0,0.0,17743.0,1,2,0,Basic,2,1
200761.0,1,36.0,1.0,15.490834591330602,2.0,3.0,3.0,1.0,0.0,4.0,0.0,0.0,19834.0,1,2,1,Deluxe,1,2
200762.0,1,26.0,1.0,8.0,2.0,3.0,5.0,7.0,1.0,5.0,1.0,0.0,17042.0,0,2,1,Basic,0,1
200776.0,1,20.0,3.0,15.0,2.0,3.0,3.0,2.0,1.0,4.0,0.0,0.0,17323.0,0,3,0,Basic,2,1
200777.0,1,21.0,1.0,16.0,2.0,4.0,5.0,2.0,0.0,3.0,1.0,0.0,16416.0,1,2,0,Basic,2,1
200779.0,1,51.0,1.0,10.0,2.0,3.0,3.0,1.0,1.0,2.0,1.0,1.0,17461.0,1,2,1,Basic,0,1
200780.0,1,28.0,1.0,30.0,3.0,4.0,5.0,2.0,0.0,2.0,0.0,0.0,23722.0,0,1,1,Standard,3,3
200789.0,1,44.0,2.0,6.0,3.0,4.0,5.0,1.0,0.0,4.0,1.0,0.0,25482.0,1,3,1,Standard,0,3
200791.0,1,35.0,3.0,10.0,2.0,3.0,5.0,1.0,1.0,4.0,1.0,1.0,24582.0,1,1,1,Standard,3,3
200792.0,1,33.0,1.0,15.490834591330602,2.0,4.0,3.0,2.0,0.0,5.0,1.0,0.0,19508.0,0,3,0,Deluxe,2,2
200796.0,1,37.62226512226512,1.0,10.0,2.0,3.0,3.0,2.0,1.0,3.0,1.0,0.0,18691.0,1,1,1,Basic,0,1
200797.0,1,26.0,1.0,27.0,2.0,3.0,3.0,2.0,0.0,5.0,1.0,1.0,17377.0,1,3,1,Basic,1,1
200798.0,1,33.0,1.0,31.0,2.0,4.0,4.0,5.0,1.0,4.0,0.0,0.0,17313.0,1,3,1,Basic,2,1
200800.0,1,28.0,1.0,6.0,2.0,4.0,4.0,2.0,0.0,4.0,0.0,0.0,17596.0,0,3,1,Basic,1,1
200801.0,1,50.0,3.0,15.490834591330602,2.0,3.0,3.0,4.0,1.0,2.0,0.0,0.0,19728.0,0,2,1,Deluxe,2,2
200813.0,1,39.0,1.0,8.0,2.0,3.0,3.0,1.0,0.0,3.0,1.0,0.0,27169.0,0,2,1,Super Deluxe,1,0
200828.0,1,18.0,1.0,14.0,3.0,3.0,3.0,2.0,0.0,5.0,0.0,0.0,16904.0,0,3,1,Basic,2,1
200829.0,1,33.0,3.0,15.0,3.0,3.0,5.0,1.0,1.0,3.0,0.0,1.0,23224.0,1,3,0,Deluxe,3,2
200831.0,1,31.0,1.0,21.0,3.0,3.0,3.0,2.0,0.0,4.0,1.0,2.0,17610.0,0,3,1,Basic,0,1
200836.0,1,29.0,3.0,29.0,2.0,4.0,5.0,2.0,0.0,3.0,0.0,0.0,22336.0,1,2,0,Standard,0,3
200838.0,1,42.0,3.0,18.0,2.0,3.0,5.0,1.0,1.0,5.0,1.0,1.0,28758.0,0,2,1,Super Deluxe,2,0
200842.0,1,28.0,1.0,18.0,3.0,3.0,3.0,2.0,1.0,4.0,1.0,0.0,17515.0,1,2,0,Basic,0,1
200849.0,1,43.0,3.0,15.0,2.0,5.0,3.0,1.0,0.0,2.0,1.0,1.0,20346.0,1,3,0,Deluxe,2,2
200857.0,1,44.0,1.0,16.0,3.0,3.0,3.0,2.0,1.0,3.0,1.0,2.0,17936.0,1,2,1,Basic,2,1
200860.0,1,22.0,1.0,9.0,2.0,4.0,3.0,1.0,1.0,3.0,0.0,0.0,17853.0,0,2,1,Basic,0,1
200864.0,1,41.0,1.0,11.0,3.0,4.0,5.0,7.0,0.0,3.0,1.0,0.0,17107.0,0,2,1,Basic,1,1
200871.0,1,24.0,1.0,23.0,3.0,3.0,4.0,2.0,0.0,2.0,0.0,1.0,17210.0,1,2,0,Basic,0,1
200892.0,1,19.0,1.0,16.0,3.0,4.0,4.0,2.0,1.0,5.0,1.0,1.0,16859.0,0,3,0,Basic,2,1
200911.0,1,25.0,3.0,30.0,3.0,5.0,3.0,2.0,1.0,1.0,1.0,1.0,16118.0,0,2,1,Basic,2,1
200913.0,1,45.0,3.0,8.0,3.0,5.0,4.0,3.0,1.0,5.0,0.0,2.0,33824.0,1,3,0,King,2,4
200915.0,1,21.0,1.0,16.0,2.0,4.0,3.0,2.0,0.0,4.0,1.0,0.0,17625.0,0,2,0,Basic,2,1
200928.0,1,44.0,1.0,21.0,3.0,3.0,3.0,2.0,0.0,3.0,0.0,1.0,22978.0,1,3,0,Standard,0,3
200932.0,1,29.0,1.0,13.0,2.0,3.0,3.0,4.0,1.0,4.0,1.0,1.0,18339.0,1,1,0,Basic,1,1
200939.0,1,32.0,1.0,15.490834591330602,3.0,3.0,3.0,2.0,0.0,3.0,1.0,1.0,19883.0,1,2,1,Deluxe,0,2
200940.0,1,37.62226512226512,1.0,29.0,3.0,3.0,5.0,1.0,0.0,3.0,0.0,2.0,23619.85349087003,1,3,1,Basic,2,1
200946.0,1,40.0,3.0,31.0,2.0,4.0,4.0,3.0,1.0,5.0,0.0,1.0,24094.0,1,3,1,Standard,3,3
200947.0,1,52.0,3.0,11.0,3.0,3.0,4.0,1.0,1.0,4.0,1.0,1.0,23446.0,1,2,1,Standard,3,3
200952.0,1,31.0,3.0,6.0,2.0,3.0,4.0,2.0,1.0,5.0,1.0,1.0,17302.0,0,2,0,Basic,2,1
200953.0,1,44.0,1.0,9.0,2.0,3.0,5.0,5.0,0.0,5.0,1.0,1.0,17362.0,1,2,1,Basic,0,1
200966.0,1,58.0,1.0,13.0,2.0,4.0,5.0,1.0,1.0,4.0,1.0,0.0,25008.0,1,3,0,Standard,0,3
200975.0,1,55.0,3.0,19.0,2.0,1.0,3.0,7.0,1.0,3.0,1.0,1.0,28695.0,1,3,1,Super Deluxe,2,0
200980.0,1,31.0,3.0,8.0,2.0,4.0,3.0,1.0,0.0,5.0,0.0,1.0,17785.0,0,2,0,Basic,2,1
200981.0,1,35.0,3.0,15.490834591330602,3.0,3.0,3.0,1.0,1.0,5.0,1.0,2.0,19614.0,0,3,0,Deluxe,0,2
200985.0,1,31.0,1.0,28.0,3.0,3.0,3.0,2.0,1.0,5.0,1.0,0.0,21179.0,1,3,1,Deluxe,0,2
200997.0,1,27.0,1.0,23.0,2.0,3.0,3.0,2.0,1.0,5.0,1.0,0.0,17394.0,1,2,0,Basic,2,1
201006.0,1,49.0,1.0,15.490834591330602,3.0,4.0,5.0,4.0,0.0,3.0,0.0,1.0,23619.85349087003,0,2,1,Deluxe,2,2
201007.0,1,29.0,1.0,20.0,2.0,3.0,3.0,1.0,1.0,5.0,1.0,0.0,22553.0,0,2,0,Standard,3,3
201012.0,1,31.0,3.0,6.0,2.0,5.0,3.0,2.0,0.0,3.0,1.0,1.0,16359.0,0,2,0,Basic,2,1
201016.0,1,31.0,1.0,14.0,2.0,4.0,4.0,2.0,0.0,4.0,0.0,1.0,16261.0,1,2,0,Basic,2,1
201021.0,1,25.0,3.0,15.490834591330602,3.0,4.0,5.0,4.0,0.0,1.0,1.0,0.0,23619.85349087003,1,2,1,Basic,0,1
201031.0,1,46.0,3.0,15.0,2.0,3.0,3.0,5.0,0.0,3.0,0.0,1.0,25096.0,1,3,1,Standard,1,3
201032.0,1,37.62226512226512,1.0,8.0,2.0,4.0,5.0,3.0,1.0,3.0,0.0,0.0,18646.0,0,2,0,Basic,2,1
201033.0,1,31.0,1.0,6.0,3.0,1.0,4.0,2.0,0.0,3.0,1.0,2.0,22446.0,0,2,0,Standard,3,3
201036.0,1,37.62226512226512,1.0,8.0,3.0,3.0,3.0,7.0,1.0,3.0,1.0,1.0,23619.85349087003,0,2,1,Basic,0,1
201039.0,1,34.0,2.0,15.0,2.0,3.0,3.0,2.0,0.0,1.0,1.0,0.0,17742.0,1,1,0,Basic,0,1
201056.0,1,28.0,3.0,6.0,3.0,3.0,3.0,4.0,0.0,3.0,1.0,0.0,17909.0,0,1,1,Basic,0,1
201057.0,1,29.0,3.0,19.0,2.0,3.0,4.0,6.0,0.0,3.0,0.0,1.0,20765.0,0,1,0,Deluxe,2,2
201058.0,1,34.0,3.0,15.490834591330602,2.0,4.0,4.0,1.0,1.0,5.0,1.0,0.0,19599.0,1,3,0,Deluxe,2,2
201060.0,1,24.0,1.0,15.0,2.0,3.0,5.0,3.0,1.0,3.0,0.0,1.0,18172.0,0,3,1,Basic,2,1
201068.0,1,28.0,1.0,8.0,2.0,4.0,5.0,1.0,0.0,4.0,0.0,0.0,17561.0,0,3,1,Basic,2,1
201077.0,1,29.0,1.0,6.0,3.0,4.0,5.0,7.0,0.0,3.0,0.0,2.0,17362.0,1,1,1,Basic,2,1
201083.0,1,40.0,1.0,15.0,2.0,3.0,5.0,4.0,0.0,1.0,1.0,1.0,17018.0,1,2,1,Basic,2,1
201085.0,1,37.62226512226512,1.0,9.0,2.0,3.0,3.0,2.0,0.0,4.0,1.0,1.0,23619.85349087003,0,2,0,Basic,2,1
201106.0,1,30.0,3.0,6.0,3.0,4.0,5.0,2.0,0.0,4.0,1.0,1.0,24714.0,1,2,1,Deluxe,1,2
201110.0,1,35.0,1.0,8.0,3.0,3.0,5.0,2.0,1.0,1.0,1.0,1.0,17074.0,1,2,0,Basic,1,1
201111.0,1,53.0,1.0,8.0,3.0,4.0,3.0,1.0,0.0,5.0,1.0,2.0,25169.0,1,1,0,Standard,1,3
201112.0,1,38.0,1.0,15.490834591330602,2.0,3.0,4.0,5.0,0.0,4.0,0.0,0.0,19855.0,1,3,1,Deluxe,1,2
201136.0,1,28.0,1.0,30.0,2.0,3.0,4.0,2.0,1.0,1.0,0.0,0.0,17408.0,1,3,1,Basic,1,1
201153.0,1,18.0,3.0,9.0,3.0,3.0,3.0,2.0,1.0,5.0,0.0,1.0,16569.0,0,3,0,Basic,2,1
201162.0,1,35.0,3.0,16.0,2.0,4.0,5.0,1.0,0.0,5.0,1.0,1.0,25306.0,1,3,1,Standard,1,3
201167.0,1,35.0,3.0,21.0,2.0,5.0,3.0,7.0,1.0,1.0,1.0,1.0,20440.0,1,3,1,Deluxe,1,2
201171.0,1,40.0,1.0,13.0,3.0,3.0,5.0,4.0,1.0,3.0,0.0,1.0,17166.0,1,2,1,Basic,2,1
201186.0,1,35.0,3.0,15.490834591330602,2.0,3.0,3.0,4.0,1.0,3.0,1.0,0.0,19581.0,0,2,1,Deluxe,2,2
201201.0,1,37.62226512226512,1.0,14.0,3.0,4.0,3.0,2.0,1.0,4.0,1.0,2.0,23619.85349087003,1,3,1,Basic,2,1
201204.0,1,48.0,3.0,13.0,3.0,3.0,3.0,3.0,1.0,4.0,1.0,1.0,17655.0,0,3,0,Basic,1,1
201205.0,1,32.0,1.0,8.0,3.0,3.0,4.0,2.0,0.0,3.0,1.0,1.0,16393.0,1,2,1,Basic,2,1
201213.0,1,23.0,3.0,13.0,2.0,3.0,3.0,2.0,1.0,1.0,1.0,0.0,17275.0,1,2,1,Basic,1,1
201222.0,1,24.0,2.0,28.0,2.0,5.0,3.0,2.0,0.0,1.0,0.0,1.0,16555.0,1,2,1,Basic,1,1
201223.0,1,47.0,3.0,15.0,2.0,5.0,3.0,1.0,0.0,5.0,1.0,1.0,27936.0,0,2,1,Super Deluxe,1,0
201236.0,1,36.0,3.0,19.0,3.0,4.0,5.0,6.0,1.0,1.0,1.0,0.0,21134.0,1,3,1,Deluxe,1,2
201237.0,1,32.0,3.0,6.0,2.0,5.0,4.0,7.0,0.0,3.0,0.0,1.0,21735.0,1,2,1,Deluxe,3,2
201246.0,1,30.0,2.0,14.0,3.0,4.0,3.0,7.0,0.0,5.0,1.0,2.0,17180.0,0,2,0,Basic,1,1
201249.0,1,29.0,3.0,15.0,2.0,5.0,4.0,2.0,0.0,1.0,1.0,1.0,17760.0,1,3,0,Basic,2,1
201255.0,1,33.0,3.0,22.0,3.0,3.0,5.0,3.0,1.0,5.0,0.0,0.0,23564.0,1,2,0,Standard,3,3
201257.0,1,31.0,3.0,22.0,3.0,3.0,3.0,3.0,0.0,5.0,1.0,0.0,23161.0,1,3,1,Standard,1,3
201262.0,1,43.0,1.0,23.0,2.0,4.0,3.0,1.0,1.0,5.0,1.0,1.0,17437.0,0,1,1,Basic,1,1
201271.0,1,21.0,3.0,13.0,2.0,3.0,4.0,2.0,0.0,5.0,1.0,1.0,17679.0,1,3,1,Basic,2,1
201273.0,1,22.0,1.0,14.0,3.0,3.0,5.0,2.0,1.0,3.0,0.0,1.0,17398.0,1,3,0,Basic,1,1
201279.0,1,44.0,1.0,6.0,2.0,3.0,4.0,2.0,1.0,3.0,1.0,1.0,17342.0,0,3,1,Basic,1,1
201281.0,1,35.0,3.0,33.0,2.0,3.0,3.0,2.0,1.0,5.0,0.0,0.0,20813.0,1,2,1,Deluxe,2,2
201290.0,1,34.0,1.0,15.0,3.0,3.0,5.0,5.0,0.0,3.0,0.0,1.0,20346.0,0,2,1,Deluxe,1,2
201291.0,1,37.62226512226512,1.0,16.0,2.0,3.0,5.0,2.0,0.0,4.0,0.0,0.0,23619.85349087003,1,3,1,Deluxe,2,2
201297.0,1,26.0,2.0,26.0,3.0,3.0,4.0,1.0,1.0,3.0,0.0,1.0,17148.0,1,3,0,Basic,1,1
201298.0,1,46.0,1.0,27.0,3.0,3.0,4.0,5.0,0.0,3.0,1.0,2.0,23926.0,1,3,0,Deluxe,1,2
201312.0,1,31.0,2.0,24.0,2.0,1.0,5.0,1.0,0.0,1.0,1.0,0.0,17956.0,1,2,1,Basic,1,1
201313.0,1,29.0,2.0,19.0,2.0,4.0,5.0,5.0,1.0,5.0,1.0,1.0,17335.0,1,2,1,Basic,1,1
201326.0,1,32.0,3.0,8.0,2.0,4.0,4.0,1.0,1.0,1.0,1.0,0.0,24907.0,1,3,1,Deluxe,3,2
201332.0,1,29.0,1.0,30.0,3.0,4.0,3.0,2.0,1.0,3.0,1.0,2.0,17439.0,0,2,1,Basic,2,1
201333.0,1,46.0,3.0,16.0,3.0,3.0,4.0,6.0,0.0,1.0,0.0,2.0,22314.0,1,2,0,Standard,1,3
201338.0,1,30.0,3.0,15.0,2.0,3.0,3.0,2.0,0.0,5.0,0.0,0.0,16081.0,1,3,1,Basic,2,1
201339.0,1,22.0,1.0,13.0,3.0,3.0,4.0,2.0,1.0,3.0,1.0,0.0,17472.0,1,2,1,Basic,2,1
201353.0,1,34.0,1.0,22.0,2.0,5.0,5.0,2.0,1.0,3.0,1.0,0.0,17307.0,0,1,1,Basic,1,1
201354.0,1,56.0,1.0,30.0,3.0,3.0,3.0,2.0,0.0,3.0,0.0,0.0,17587.0,1,2,1,Basic,2,1
201365.0,1,29.0,3.0,30.0,2.0,1.0,5.0,2.0,0.0,3.0,1.0,1.0,16091.0,0,1,1,Basic,2,1
201369.0,1,28.0,3.0,19.0,2.0,3.0,3.0,4.0,1.0,5.0,1.0,1.0,24854.0,1,3,0,Deluxe,3,2
201375.0,1,32.0,1.0,11.0,2.0,1.0,3.0,4.0,1.0,1.0,0.0,1.0,17432.0,0,2,0,Basic,2,1
201379.0,1,27.0,2.0,28.0,2.0,4.0,4.0,2.0,0.0,1.0,1.0,0.0,17863.0,0,2,0,Basic,1,1
201390.0,1,28.0,1.0,23.0,2.0,4.0,3.0,6.0,0.0,3.0,0.0,1.0,17367.0,1,1,1,Basic,1,1
201395.0,1,31.0,3.0,32.0,3.0,3.0,3.0,2.0,1.0,3.0,0.0,1.0,20617.0,0,3,1,Deluxe,1,2
201396.0,1,53.0,3.0,30.0,3.0,3.0,5.0,7.0,1.0,3.0,1.0,2.0,25448.0,1,2,1,Standard,3,3
201438.0,1,23.0,3.0,15.0,2.0,3.0,5.0,2.0,0.0,5.0,1.0,0.0,16790.0,0,3,1,Basic,1,1
201442.0,1,29.0,1.0,15.490834591330602,2.0,3.0,3.0,1.0,1.0,3.0,1.0,0.0,19787.0,1,3,1,Basic,1,1
201444.0,1,56.0,1.0,13.0,3.0,3.0,3.0,1.0,0.0,4.0,1.0,2.0,17339.0,1,1,1,Basic,1,1
201452.0,1,50.0,3.0,6.0,3.0,3.0,3.0,1.0,0.0,3.0,1.0,1.0,21728.0,0,2,1,Deluxe,1,2
201461.0,1,50.0,3.0,34.0,2.0,4.0,5.0,5.0,1.0,5.0,0.0,0.0,25854.0,1,3,1,Standard,1,3
201470.0,1,41.0,3.0,6.0,3.0,3.0,3.0,1.0,1.0,4.0,0.0,2.0,20993.0,1,2,0,Deluxe,2,2
201472.0,1,37.0,1.0,8.0,3.0,4.0,3.0,7.0,1.0,3.0,0.0,2.0,17090.0,1,2,1,Basic,2,1
201484.0,1,28.0,1.0,30.0,2.0,4.0,3.0,6.0,1.0,1.0,0.0,0.0,17028.0,1,2,1,Basic,2,1
201491.0,1,37.62226512226512,3.0,15.0,2.0,4.0,5.0,1.0,0.0,1.0,0.0,0.0,18407.0,1,2,1,Basic,2,1
201494.0,1,34.0,1.0,12.0,2.0,3.0,5.0,3.0,0.0,4.0,0.0,0.0,17960.0,1,3,1,Basic,2,1
201496.0,1,37.62226512226512,1.0,22.0,3.0,5.0,5.0,2.0,1.0,4.0,0.0,0.0,23619.85349087003,0,2,0,Basic,2,1
201503.0,1,39.0,3.0,11.0,2.0,3.0,3.0,4.0,0.0,1.0,0.0,0.0,17086.0,1,1,1,Deluxe,1,2
201504.0,1,24.0,1.0,6.0,3.0,3.0,3.0,3.0,1.0,3.0,0.0,2.0,17293.0,1,3,1,Basic,1,1
201506.0,1,50.0,3.0,9.0,2.0,4.0,3.0,2.0,1.0,4.0,1.0,1.0,17683.0,1,3,1,Basic,1,1
201512.0,1,26.0,1.0,31.0,2.0,5.0,3.0,2.0,0.0,1.0,0.0,0.0,17293.0,1,2,1,Basic,2,1
201515.0,1,41.0,1.0,18.0,2.0,3.0,3.0,2.0,0.0,4.0,1.0,1.0,34545.0,1,1,0,King,1,4
201520.0,1,48.0,1.0,6.0,3.0,4.0,3.0,1.0,1.0,5.0,0.0,0.0,20381.0,1,2,1,Standard,2,3
201521.0,1,37.62226512226512,1.0,11.0,2.0,3.0,3.0,2.0,1.0,1.0,0.0,0.0,18441.0,1,1,1,Basic,2,1
201539.0,1,37.62226512226512,1.0,15.0,3.0,4.0,3.0,1.0,1.0,1.0,1.0,2.0,18388.0,1,3,1,Basic,1,1
201559.0,1,46.0,3.0,15.0,3.0,4.0,3.0,2.0,0.0,5.0,1.0,2.0,24619.0,1,3,1,Standard,3,3
201570.0,1,37.0,2.0,12.0,3.0,3.0,5.0,5.0,1.0,1.0,0.0,2.0,17073.0,1,2,1,Basic,1,1
201572.0,1,20.0,1.0,12.0,3.0,4.0,3.0,2.0,1.0,1.0,0.0,0.0,17926.0,0,2,0,Basic,2,1
201577.0,1,25.0,3.0,11.0,2.0,4.0,3.0,2.0,1.0,3.0,0.0,1.0,20744.0,1,3,1,Deluxe,2,2
201581.0,1,34.0,1.0,13.0,3.0,5.0,3.0,2.0,1.0,5.0,1.0,0.0,21074.0,0,2,1,Deluxe,2,2
201592.0,1,56.0,1.0,20.0,3.0,3.708445178608301,4.0,1.0,1.0,5.0,1.0,0.0,19963.0,1,2,0,Basic,1,1
201594.0,1,31.0,3.0,12.0,3.0,5.0,3.0,5.0,1.0,3.0,0.0,2.0,21172.0,1,2,1,Deluxe,1,2
201596.0,1,58.0,1.0,29.0,3.0,3.0,3.0,2.0,0.0,3.0,1.0,0.0,25312.0,1,3,0,Standard,1,3
201597.0,1,19.0,3.0,28.0,2.0,3.0,3.0,2.0,1.0,1.0,1.0,0.0,16675.0,1,3,1,Basic,2,1
201602.0,1,31.0,3.0,15.490834591330602,3.0,5.0,3.0,4.0,1.0,3.0,0.0,2.0,19559.0,1,2,0,Deluxe,1,2
201606.0,1,51.0,1.0,14.0,2.0,5.0,3.0,3.0,0.0,1.0,1.0,0.0,25650.0,0,2,1,Standard,3,3
201610.0,1,37.62226512226512,1.0,15.0,2.0,3.0,5.0,1.0,0.0,4.0,1.0,0.0,23619.85349087003,1,3,0,Basic,2,1
201641.0,1,19.0,3.0,6.0,3.0,5.0,5.0,1.0,0.0,3.0,1.0,0.0,17325.0,0,1,0,Basic,2,1
201647.0,1,19.0,1.0,8.0,2.0,4.0,3.0,2.0,0.0,5.0,1.0,0.0,16102.0,1,2,1,Basic,2,1
201652.0,1,41.0,3.0,26.0,3.0,3.0,4.0,2.0,1.0,4.0,0.0,1.0,18140.0,1,3,0,Basic,2,1
201662.0,1,35.0,1.0,29.0,2.0,4.0,3.0,4.0,1.0,4.0,1.0,0.0,20916.0,1,2,1,Deluxe,1,2
201674.0,1,38.0,1.0,35.0,3.0,3.0,5.0,1.0,1.0,3.0,1.0,2.0,21673.0,1,3,1,Deluxe,1,2
201675.0,1,29.0,3.0,33.0,2.0,3.0,3.0,2.0,0.0,3.0,0.0,0.0,22639.0,1,3,0,Standard,1,3
201680.0,1,32.0,3.0,10.0,2.0,5.0,3.0,2.0,0.0,1.0,1.0,0.0,25400.0,1,3,1,Standard,1,3
201684.0,1,30.0,1.0,9.0,2.0,3.0,5.0,6.0,1.0,4.0,0.0,0.0,17657.0,1,1,0,Basic,2,1
201686.0,1,30.0,3.0,32.0,2.0,4.0,5.0,6.0,0.0,1.0,1.0,1.0,21696.0,0,3,0,Deluxe,3,2
201687.0,1,29.0,1.0,6.0,2.0,3.0,3.0,1.0,0.0,1.0,0.0,0.0,17058.0,1,1,1,Basic,2,1
201699.0,1,29.0,1.0,24.0,2.0,4.0,3.0,2.0,1.0,3.0,0.0,0.0,17389.0,1,3,1,Basic,2,1
201704.0,1,33.0,1.0,20.0,2.0,3.0,3.0,6.0,1.0,1.0,1.0,1.0,17436.0,1,3,1,Basic,1,1
201706.0,1,33.0,1.0,8.0,2.0,3.0,5.0,1.0,0.0,3.0,1.0,1.0,17707.0,1,2,0,Basic,1,1
201709.0,1,37.62226512226512,1.0,6.0,3.0,4.0,3.0,1.0,1.0,5.0,0.0,2.0,23619.85349087003,1,2,1,Basic,2,1
201720.0,1,37.0,1.0,16.0,3.0,3.0,3.0,7.0,0.0,3.0,0.0,2.0,25048.0,0,3,1,Standard,1,3
201729.0,1,37.62226512226512,1.0,35.0,3.0,4.0,4.0,1.0,0.0,3.0,0.0,2.0,18479.0,0,3,1,Basic,2,1
201734.0,1,37.62226512226512,1.0,8.0,3.0,3.0,3.0,3.0,0.0,4.0,0.0,1.0,18485.0,1,2,1,Basic,2,1
201741.0,1,47.0,1.0,35.0,2.0,3.0,4.0,2.0,1.0,3.0,1.0,0.0,26849.0,0,2,1,Standard,1,3
201756.0,1,44.0,1.0,30.0,2.0,3.0,3.0,4.0,1.0,5.0,0.0,1.0,18161.0,0,2,1,Basic,1,1
201758.0,1,26.0,1.0,22.0,2.0,3.0,4.0,3.0,1.0,1.0,1.0,0.0,17373.0,1,3,1,Basic,1,1
201763.0,1,26.0,3.0,10.0,2.0,4.0,3.0,2.0,1.0,1.0,1.0,0.0,20828.0,1,3,1,Deluxe,2,2
201766.0,1,18.0,1.0,9.0,2.0,3.0,3.0,2.0,0.0,4.0,1.0,0.0,16420.0,1,3,1,Basic,2,1
201787.0,1,52.0,1.0,14.0,2.0,3.708445178608301,4.0,3.0,0.0,1.0,1.0,0.0,19941.0,1,3,1,Deluxe,1,2
201793.0,1,37.62226512226512,1.0,8.0,2.0,5.0,3.0,6.0,1.0,3.0,1.0,1.0,18464.0,1,3,1,Basic,1,1
201797.0,1,39.0,3.0,9.0,2.0,3.0,3.0,5.0,1.0,4.0,1.0,1.0,20238.0,1,3,0,Deluxe,1,2
201806.0,1,29.0,1.0,14.0,3.0,5.0,5.0,2.0,1.0,3.0,0.0,1.0,17119.0,1,2,1,Basic,1,1
201827.0,1,21.0,3.0,6.0,3.0,4.0,4.0,2.0,1.0,5.0,1.0,2.0,17174.0,0,1,0,Basic,2,1
201833.0,1,33.0,3.0,11.0,2.0,3.0,3.0,2.0,1.0,1.0,0.0,1.0,17851.0,1,3,0,Basic,2,1
201836.0,1,41.0,3.0,10.0,2.0,3.0,4.0,2.0,0.0,3.0,1.0,0.0,24355.0,0,3,1,Deluxe,3,2
201838.0,1,40.0,3.0,28.0,3.0,4.0,3.0,3.0,1.0,3.0,1.0,0.0,21380.0,1,3,1,Deluxe,1,2
201840.0,1,21.0,3.0,18.0,2.0,1.0,4.0,2.0,0.0,5.0,0.0,1.0,17716.0,1,2,0,Basic,2,1
201848.0,1,34.0,3.0,25.0,3.0,1.0,3.0,1.0,1.0,1.0,0.0,0.0,20304.0,0,3,1,Deluxe,2,2
201852.0,1,26.0,1.0,9.0,3.0,3.0,5.0,1.0,0.0,3.0,0.0,1.0,18102.0,0,1,1,Basic,2,1
201855.0,1,30.0,1.0,10.0,2.0,3.0,3.0,1.0,1.0,4.0,1.0,0.0,17285.0,0,1,1,Basic,2,1
201875.0,1,37.62226512226512,1.0,9.0,3.0,3.0,5.0,6.0,0.0,5.0,1.0,1.0,23619.85349087003,1,3,1,Basic,1,1
201884.0,1,24.0,3.0,6.0,3.0,3.0,4.0,2.0,1.0,4.0,0.0,0.0,18202.0,1,1,0,Basic,2,1
201885.0,1,34.0,3.0,12.0,2.0,5.0,3.0,1.0,0.0,4.0,0.0,1.0,17351.0,0,3,0,Basic,1,1
201891.0,1,29.0,1.0,31.0,3.0,4.0,4.0,6.0,0.0,3.0,1.0,2.0,17546.0,1,1,0,Basic,1,1
201892.0,1,19.0,2.0,8.0,2.0,4.0,3.0,2.0,0.0,3.0,0.0,0.0,17564.0,1,1,1,Basic,2,1
201905.0,1,33.0,1.0,21.0,2.0,3.0,3.0,1.0,1.0,5.0,1.0,0.0,28610.0,1,3,1,Standard,1,3
201906.0,1,37.62226512226512,1.0,16.0,2.0,5.0,3.0,1.0,0.0,5.0,0.0,0.0,18408.0,1,3,1,Basic,1,1
201909.0,1,31.0,1.0,26.0,3.0,3.0,3.0,4.0,0.0,3.0,1.0,0.0,24824.0,0,2,1,Standard,1,3
201910.0,1,34.0,2.0,29.0,2.0,3.0,5.0,1.0,1.0,3.0,1.0,0.0,24950.0,0,2,0,Standard,1,3
201913.0,1,37.62226512226512,1.0,10.0,3.0,4.0,3.0,6.0,0.0,5.0,0.0,0.0,23619.85349087003,0,1,1,Basic,2,1
201923.0,1,26.0,2.0,23.0,2.0,3.0,3.0,1.0,1.0,5.0,0.0,1.0,17741.0,0,2,0,Basic,1,1
201927.0,1,18.0,3.0,11.0,3.0,3.0,4.0,2.0,1.0,4.0,1.0,0.0,16878.0,0,3,1,Basic,2,1
201933.0,1,26.0,1.0,30.0,3.0,5.0,3.0,2.0,1.0,3.0,0.0,1.0,17340.0,1,1,1,Basic,2,1
201939.0,1,32.0,3.0,15.490834591330602,2.0,1.0,3.0,1.0,0.0,3.0,1.0,0.0,19707.0,0,2,1,Deluxe,1,2
201949.0,1,24.0,1.0,13.0,2.0,3.0,3.0,2.0,1.0,4.0,0.0,0.0,17886.0,0,2,0,Basic,1,1
201950.0,1,30.0,3.0,18.0,3.0,4.0,5.0,2.0,0.0,5.0,1.0,2.0,17033.0,0,2,1,Basic,1,1
201952.0,1,31.0,3.0,15.490834591330602,2.0,3.0,5.0,3.0,0.0,1.0,0.0,1.0,23619.85349087003,1,3,1,Deluxe,1,2
201965.0,1,27.0,3.0,8.0,2.0,3.0,5.0,1.0,0.0,5.0,1.0,1.0,18041.0,1,3,1,Basic,1,1
201974.0,1,45.0,3.0,15.490834591330602,3.0,3.0,5.0,3.0,0.0,1.0,0.0,2.0,23619.85349087003,0,2,0,Deluxe,1,2
201983.0,1,20.0,1.0,16.0,2.0,3.0,3.0,2.0,1.0,5.0,1.0,1.0,16009.0,1,3,1,Basic,2,1
201984.0,1,37.62226512226512,1.0,9.0,3.0,3.0,5.0,2.0,1.0,5.0,1.0,0.0,18348.0,0,2,1,Basic,2,1
201995.0,1,24.0,3.0,15.490834591330602,3.0,3.0,3.0,1.0,0.0,1.0,1.0,1.0,19577.0,1,2,0,Deluxe,2,2
201998.0,1,50.0,3.0,14.0,2.0,3.0,3.0,4.0,1.0,5.0,0.0,0.0,21796.0,0,1,1,Deluxe,1,2
202010.0,1,28.0,1.0,6.0,3.0,5.0,4.0,1.0,1.0,1.0,1.0,2.0,17216.0,1,2,0,Basic,2,1
202017.0,1,42.0,1.0,25.0,2.0,1.0,3.0,7.0,1.0,3.0,0.0,0.0,17759.0,0,3,1,Basic,1,1
202032.0,1,33.0,1.0,6.0,3.0,3.0,3.0,2.0,1.0,3.0,1.0,0.0,17686.0,1,2,1,Basic,2,1
202036.0,1,47.0,3.0,33.0,3.0,1.0,3.0,5.0,1.0,4.0,0.0,1.0,21397.0,0,2,0,Deluxe,3,2
202038.0,1,55.0,1.0,8.0,3.0,3.0,5.0,6.0,1.0,1.0,1.0,1.1872666943177106,34859.0,1,3,1,King,1,4
202043.0,1,26.0,3.0,14.0,2.0,4.0,5.0,7.0,0.0,3.0,0.0,0.0,20326.0,1,1,1,Deluxe,2,2
202055.0,1,23.0,1.0,12.0,3.0,1.0,5.0,2.0,1.0,3.0,0.0,0.0,16601.0,1,2,1,Basic,1,1
202059.0,1,29.0,1.0,6.0,2.0,4.0,5.0,2.0,1.0,1.0,0.0,0.0,17319.0,1,2,0,Basic,1,1
202061.0,1,33.0,3.0,22.0,3.0,3.0,5.0,6.0,0.0,3.0,1.0,0.0,20324.0,1,3,0,Deluxe,2,2
202065.0,1,58.0,1.0,8.0,2.0,3.0,4.0,1.0,1.0,3.0,1.0,0.0,34246.0,1,2,1,King,2,4
202068.0,1,28.0,1.0,15.490834591330602,2.0,3.0,3.0,7.0,0.0,3.0,1.0,1.0,23619.85349087003,1,3,1,Basic,2,1
202077.0,1,49.0,3.0,17.0,2.0,3.0,3.0,2.0,0.0,4.0,0.0,0.0,22654.0,1,3,0,Standard,1,3
202078.0,1,55.0,3.0,8.0,2.0,3.0,3.0,5.0,0.0,1.0,1.0,0.0,20160.0,1,3,1,Deluxe,2,2
202084.0,1,26.0,1.0,11.0,2.0,4.0,3.0,2.0,1.0,1.0,0.0,1.0,17366.0,0,3,0,Basic,1,1
202106.0,1,35.0,1.0,31.0,3.0,3.0,4.0,2.0,1.0,3.0,1.0,1.0,17022.0,0,2,0,Basic,1,1
202115.0,1,29.0,3.0,6.0,2.0,4.0,3.0,7.0,1.0,1.0,1.0,1.0,17800.0,1,3,0,Basic,1,1
202126.0,1,32.0,1.0,31.0,2.0,3.0,3.0,2.0,1.0,5.0,0.0,0.0,17795.0,1,2,1,Basic,2,1
202130.0,1,58.0,1.0,8.0,2.0,4.0,3.0,1.0,1.0,1.0,1.0,0.0,17380.0,0,2,1,Basic,1,1
202132.0,1,20.0,3.0,8.0,2.0,4.0,3.0,2.0,0.0,4.0,1.0,0.0,17044.0,1,3,0,Basic,2,1
202133.0,1,21.0,1.0,24.0,3.0,3.0,3.0,2.0,0.0,3.0,1.0,2.0,17693.0,1,2,0,Basic,2,1
202136.0,1,37.62226512226512,1.0,9.0,2.0,3.0,3.0,1.0,1.0,5.0,1.0,1.0,23619.85349087003,1,2,0,Deluxe,1,2
202137.0,1,41.0,1.0,8.0,2.0,5.0,3.0,5.0,1.0,3.0,0.0,1.0,17778.0,1,2,0,Basic,1,1
202139.0,1,39.0,1.0,12.0,3.0,3.0,5.0,1.0,1.0,1.0,1.0,1.0,17404.0,1,3,1,Basic,1,1
202153.0,1,25.0,3.0,25.0,2.0,4.0,4.0,2.0,1.0,1.0,0.0,1.0,17413.0,1,3,1,Basic,1,1
202158.0,1,19.0,3.0,27.0,2.0,4.0,4.0,2.0,1.0,1.0,1.0,1.0,17121.0,1,2,1,Basic,2,1
202159.0,1,20.0,1.0,10.0,2.0,3.0,5.0,2.0,0.0,3.0,1.0,0.0,17973.0,1,1,1,Basic,2,1
202163.0,1,36.0,3.0,9.0,2.0,4.0,3.0,2.0,1.0,1.0,1.0,0.0,25325.0,1,2,1,Standard,1,3
202165.0,1,37.0,3.0,6.0,2.0,4.0,3.0,6.0,0.0,1.0,1.0,1.0,25609.0,1,2,1,Standard,1,3
202170.0,1,58.0,1.0,8.0,2.0,3.0,3.0,5.0,0.0,1.0,0.0,0.0,17479.0,1,1,1,Basic,2,1
202176.0,1,40.0,3.0,30.0,3.0,1.0,4.0,5.0,1.0,3.0,1.0,0.0,28194.0,0,2,0,Super Deluxe,3,0
202179.0,1,31.0,1.0,15.0,2.0,4.0,5.0,1.0,1.0,3.0,0.0,1.0,17321.0,0,3,1,Basic,2,1
202181.0,1,29.0,1.0,16.0,3.0,4.0,5.0,7.0,1.0,5.0,1.0,0.0,17404.0,1,2,0,Basic,2,1
202190.0,1,30.0,1.0,28.0,2.0,3.0,3.0,5.0,1.0,1.0,0.0,0.0,17132.0,1,2,0,Basic,1,1
202195.0,1,37.62226512226512,1.0,20.0,2.0,4.0,4.0,2.0,1.0,5.0,1.0,1.0,23619.85349087003,1,2,1,Basic,1,1
202201.0,1,20.0,1.0,17.0,3.0,4.0,5.0,2.0,1.0,3.0,1.0,2.0,17600.0,1,3,0,Basic,2,1
202202.0,1,30.0,1.0,11.0,2.0,3.0,4.0,1.0,0.0,3.0,0.0,0.0,17422.0,0,3,0,Basic,2,1
202214.0,1,37.0,1.0,15.490834591330602,3.0,5.0,4.0,6.0,0.0,4.0,1.0,0.0,19777.0,1,3,0,Deluxe,1,2
202218.0,1,26.0,3.0,35.0,3.0,3.708445178608301,5.0,1.0,0.0,3.0,1.0,1.0,19969.0,0,3,1,Deluxe,2,2
202219.0,1,52.0,3.0,8.0,2.0,5.0,3.0,2.0,0.0,3.0,1.0,1.1872666943177106,34845.0,1,3,0,King,1,4
202222.0,1,36.0,1.0,22.0,2.0,1.0,5.0,2.0,0.0,1.0,1.0,0.0,17743.0,1,2,0,Basic,2,1
202231.0,1,36.0,1.0,15.490834591330602,2.0,3.0,3.0,1.0,0.0,4.0,0.0,1.0,19834.0,1,2,1,Deluxe,1,2
202232.0,1,26.0,1.0,8.0,2.0,3.0,5.0,7.0,1.0,5.0,0.0,0.0,17042.0,0,2,1,Basic,1,1
202246.0,1,20.0,3.0,15.0,2.0,3.0,3.0,2.0,1.0,4.0,1.0,0.0,17323.0,0,3,0,Basic,2,1
202247.0,1,21.0,1.0,16.0,2.0,4.0,5.0,2.0,0.0,3.0,0.0,1.0,16416.0,1,2,0,Basic,2,1
202249.0,1,51.0,1.0,10.0,2.0,3.0,3.0,1.0,1.0,1.0,0.0,0.0,17461.0,1,2,1,Basic,1,1
202250.0,1,28.0,1.0,30.0,3.0,4.0,5.0,2.0,0.0,1.0,1.0,1.0,23722.0,0,1,1,Standard,3,3
202259.0,1,44.0,2.0,6.0,3.0,4.0,5.0,1.0,0.0,4.0,1.0,0.0,25482.0,1,3,1,Standard,1,3
202261.0,1,35.0,3.0,10.0,2.0,3.0,5.0,1.0,1.0,4.0,1.0,1.0,24582.0,1,1,1,Standard,3,3
202262.0,1,33.0,1.0,15.490834591330602,2.0,4.0,3.0,2.0,0.0,5.0,1.0,0.0,19508.0,0,3,0,Deluxe,2,2
202266.0,1,37.62226512226512,1.0,10.0,2.0,3.0,3.0,2.0,1.0,3.0,1.0,1.0,18691.0,1,1,1,Basic,1,1
202267.0,1,26.0,1.0,27.0,2.0,3.0,3.0,2.0,0.0,5.0,1.0,0.0,17377.0,1,3,1,Basic,1,1
202268.0,1,33.0,1.0,31.0,2.0,4.0,4.0,5.0,1.0,4.0,1.0,0.0,17313.0,1,3,1,Basic,2,1
202270.0,1,28.0,1.0,6.0,2.0,4.0,4.0,2.0,0.0,4.0,1.0,0.0,17596.0,0,3,1,Basic,1,1
202271.0,1,50.0,3.0,15.490834591330602,2.0,3.0,3.0,4.0,1.0,1.0,1.0,1.0,19728.0,0,2,1,Deluxe,2,2
202283.0,1,39.0,1.0,8.0,2.0,3.0,3.0,1.0,0.0,3.0,1.0,0.0,27169.0,0,2,1,Super Deluxe,1,0
202298.0,1,18.0,1.0,14.0,3.0,3.0,3.0,2.0,0.0,5.0,1.0,0.0,16904.0,0,3,1,Basic,2,1
202299.0,1,33.0,3.0,15.0,3.0,3.0,5.0,1.0,1.0,3.0,0.0,0.0,23224.0,1,3,0,Deluxe,3,2
202301.0,1,31.0,1.0,21.0,3.0,3.0,3.0,2.0,0.0,4.0,1.0,0.0,17610.0,0,3,1,Basic,1,1
202306.0,1,29.0,3.0,29.0,2.0,4.0,5.0,2.0,0.0,3.0,1.0,1.0,22336.0,1,2,0,Standard,1,3
202308.0,1,42.0,3.0,18.0,2.0,3.0,5.0,1.0,1.0,5.0,1.0,1.0,28758.0,0,2,1,Super Deluxe,2,0
202312.0,1,28.0,1.0,18.0,3.0,3.0,3.0,2.0,1.0,4.0,1.0,1.0,17515.0,1,2,0,Basic,1,1
202319.0,1,43.0,3.0,15.0,2.0,5.0,3.0,1.0,0.0,1.0,0.0,0.0,20346.0,1,3,0,Deluxe,2,2
202327.0,1,44.0,1.0,16.0,3.0,3.0,3.0,2.0,1.0,3.0,1.0,0.0,17936.0,1,2,1,Basic,2,1
202330.0,1,22.0,1.0,9.0,2.0,4.0,3.0,1.0,1.0,3.0,0.0,1.0,17853.0,0,2,1,Basic,1,1
202334.0,1,41.0,1.0,11.0,3.0,4.0,5.0,7.0,0.0,3.0,0.0,1.0,17107.0,0,2,1,Basic,1,1
202341.0,1,24.0,1.0,23.0,3.0,3.0,4.0,2.0,0.0,1.0,1.0,2.0,17210.0,1,2,0,Basic,1,1
202362.0,1,19.0,1.0,16.0,3.0,4.0,4.0,2.0,1.0,5.0,0.0,2.0,16859.0,0,3,0,Basic,2,1
202371.0,1,48.0,3.0,30.0,3.0,5.0,3.0,2.0,1.0,1.0,1.0,2.0,17559.0,0,2,1,Basic,2,1
202372.0,1,27.0,3.0,8.0,3.0,5.0,4.0,3.0,1.0,5.0,1.0,1.0,17517.0,1,3,0,King,2,4
202373.0,1,29.0,1.0,16.0,2.0,4.0,3.0,2.0,0.0,4.0,1.0,0.0,21623.0,0,2,0,Basic,3,1
202374.0,1,48.0,1.0,21.0,3.0,3.0,3.0,2.0,0.0,3.0,0.0,0.0,33265.0,1,3,0,Standard,1,3
202375.0,1,29.0,1.0,13.0,2.0,3.0,3.0,4.0,1.0,4.0,1.0,0.0,31124.0,1,1,0,Basic,1,1
202376.0,1,34.0,1.0,13.0,3.0,3.0,3.0,2.0,0.0,3.0,0.0,0.0,17585.0,1,2,1,Deluxe,1,2
202377.0,1,44.0,1.0,29.0,3.0,3.0,5.0,1.0,0.0,3.0,0.0,2.0,33213.0,1,3,1,Basic,2,1
202378.0,1,33.0,3.0,31.0,2.0,4.0,4.0,3.0,1.0,5.0,1.0,0.0,23380.0,1,3,1,Standard,3,3
202379.0,1,19.0,3.0,11.0,3.0,3.0,4.0,1.0,1.0,4.0,1.0,0.0,17994.0,1,2,1,Standard,2,3
202380.0,1,23.0,3.0,7.0,2.0,3.0,4.0,2.0,1.0,5.0,1.0,1.0,16223.0,0,2,0,Basic,2,1
202381.0,1,25.0,1.0,9.0,2.0,3.0,5.0,5.0,0.0,5.0,1.0,0.0,16118.0,1,2,1,Basic,1,1
202382.0,1,26.0,1.0,13.0,2.0,4.0,5.0,1.0,1.0,4.0,1.0,1.0,17875.0,1,3,0,Standard,1,3
202383.0,1,45.0,3.0,19.0,2.0,1.0,3.0,7.0,1.0,3.0,1.0,0.0,33824.0,1,3,1,Super Deluxe,2,0
202384.0,1,55.0,3.0,8.0,2.0,4.0,3.0,1.0,0.0,5.0,0.0,0.0,28577.0,0,2,0,Basic,2,1
202385.0,1,21.0,3.0,24.0,3.0,3.0,3.0,1.0,1.0,5.0,0.0,1.0,17625.0,0,3,0,Deluxe,1,2
202386.0,1,46.0,1.0,28.0,3.0,3.0,3.0,2.0,1.0,5.0,1.0,2.0,33789.0,1,3,1,Deluxe,1,2
202387.0,1,34.0,1.0,15.490834591330602,2.0,3.0,3.0,2.0,1.0,5.0,1.0,0.0,19538.0,1,2,0,Basic,2,1
202388.0,1,51.0,1.0,34.0,3.0,4.0,5.0,4.0,0.0,3.0,0.0,1.1872666943177106,34847.0,0,2,1,Deluxe,2,2
202389.0,1,59.0,1.0,20.0,2.0,3.0,3.0,1.0,1.0,5.0,1.0,0.0,25512.0,0,2,0,Standard,3,3
202390.0,1,34.0,3.0,15.490834591330602,2.0,5.0,3.0,2.0,0.0,3.0,0.0,1.0,23619.85349087003,0,2,0,Basic,2,1
202391.0,1,28.0,1.0,14.0,2.0,4.0,4.0,2.0,0.0,4.0,0.0,1.0,17154.0,1,2,0,Basic,2,1
202392.0,1,44.0,3.0,15.0,3.0,4.0,5.0,4.0,0.0,1.0,1.0,2.0,34190.0,1,2,1,Basic,1,1
202393.0,1,34.0,3.0,15.490834591330602,2.0,3.0,3.0,5.0,0.0,3.0,1.0,1.0,19490.0,1,3,1,Standard,1,3
202394.0,1,37.62226512226512,1.0,8.0,2.0,4.0,5.0,3.0,1.0,3.0,0.0,0.0,18506.0,0,2,0,Basic,2,1
202395.0,1,42.0,1.0,7.0,3.0,1.0,4.0,2.0,0.0,3.0,1.0,0.0,17372.0,0,2,0,Standard,2,3
202396.0,1,43.0,1.0,8.0,3.0,3.0,3.0,7.0,1.0,3.0,0.0,0.0,25231.0,0,2,1,Basic,1,1
202397.0,1,36.0,2.0,15.0,2.0,3.0,3.0,2.0,0.0,1.0,1.0,0.0,20410.0,1,1,0,Basic,1,1
202398.0,1,44.0,3.0,7.0,3.0,3.0,3.0,4.0,0.0,3.0,1.0,1.0,22978.0,0,1,1,Basic,1,1
202399.0,1,37.62226512226512,3.0,19.0,2.0,3.0,4.0,6.0,0.0,3.0,1.0,0.0,23619.85349087003,0,1,0,Deluxe,2,2
202400.0,1,51.0,3.0,30.0,2.0,4.0,4.0,1.0,1.0,5.0,1.0,1.0,17838.0,1,3,0,Deluxe,2,2
202401.0,1,30.0,1.0,15.490834591330602,2.0,3.0,5.0,3.0,1.0,3.0,0.0,1.0,19695.0,0,3,1,Basic,2,1
202402.0,1,29.0,1.0,8.0,2.0,4.0,5.0,1.0,0.0,4.0,1.0,1.0,18339.0,0,3,1,Basic,2,1
202403.0,1,28.0,1.0,7.0,3.0,4.0,5.0,7.0,0.0,3.0,1.0,1.0,17080.0,1,1,1,Basic,2,1
202404.0,1,25.0,1.0,15.0,2.0,3.0,5.0,4.0,0.0,1.0,1.0,0.0,17096.0,1,2,1,Basic,2,1
202405.0,1,32.0,1.0,9.0,2.0,3.0,3.0,2.0,0.0,4.0,1.0,0.0,21209.0,0,2,0,Basic,2,1
202406.0,1,45.0,3.0,7.0,3.0,4.0,5.0,2.0,0.0,4.0,1.0,2.0,33061.0,1,2,1,Deluxe,1,2
202407.0,1,39.0,1.0,8.0,3.0,3.0,5.0,2.0,1.0,1.0,1.0,0.0,32123.0,1,2,0,Basic,1,1
202408.0,1,58.0,1.0,8.0,3.0,4.0,3.0,1.0,0.0,5.0,0.0,0.0,17372.0,1,1,0,Standard,1,3
202409.0,1,32.0,1.0,15.490834591330602,2.0,3.0,4.0,5.0,0.0,4.0,1.0,1.0,19883.0,1,3,1,Deluxe,1,2
202410.0,1,37.62226512226512,1.0,30.0,2.0,3.0,4.0,2.0,1.0,1.0,0.0,0.0,23619.85349087003,1,3,1,Basic,1,1
202411.0,1,30.0,3.0,15.490834591330602,3.0,3.0,3.0,2.0,1.0,5.0,1.0,1.0,19627.0,0,3,0,Basic,2,1
202412.0,1,36.0,3.0,16.0,2.0,4.0,5.0,1.0,0.0,5.0,0.0,0.0,22094.0,1,3,1,Standard,1,3
202413.0,1,37.62226512226512,3.0,21.0,2.0,5.0,3.0,7.0,1.0,1.0,0.0,1.0,18423.0,1,3,1,Deluxe,1,2
202414.0,1,28.0,1.0,13.0,3.0,3.0,5.0,4.0,1.0,3.0,0.0,2.0,21674.0,1,2,1,Basic,3,1
202415.0,1,50.0,3.0,18.0,2.0,3.0,3.0,4.0,1.0,3.0,1.0,1.0,31880.0,0,2,1,Deluxe,2,2
202416.0,1,40.0,1.0,14.0,3.0,4.0,3.0,2.0,1.0,4.0,1.0,2.0,24094.0,1,3,1,Basic,3,1
202417.0,1,52.0,3.0,13.0,3.0,3.0,3.0,3.0,1.0,4.0,1.0,2.0,23446.0,0,3,0,Basic,1,1
202418.0,1,30.0,1.0,8.0,3.0,3.0,4.0,2.0,0.0,3.0,0.0,0.0,26916.0,1,2,1,Basic,3,1
202419.0,1,39.0,3.0,15.490834591330602,3.0,3.0,3.0,2.0,1.0,1.0,1.0,2.0,19534.0,1,2,1,Basic,1,1
202420.0,1,31.0,2.0,28.0,2.0,5.0,3.0,2.0,0.0,1.0,0.0,1.0,24852.0,1,2,1,Basic,1,1
202421.0,1,41.0,3.0,15.0,2.0,5.0,3.0,1.0,0.0,5.0,1.0,1.0,21151.0,0,2,1,Super Deluxe,1,0
202422.0,1,31.0,3.0,19.0,3.0,4.0,5.0,6.0,1.0,1.0,1.0,0.0,17302.0,1,3,1,Deluxe,1,2
202423.0,1,44.0,3.0,7.0,2.0,5.0,4.0,7.0,0.0,3.0,0.0,1.0,17362.0,1,2,1,Deluxe,2,2
202424.0,1,42.0,2.0,14.0,3.0,4.0,3.0,7.0,0.0,5.0,1.0,1.0,32861.0,0,2,0,Basic,1,1
202425.0,1,55.0,3.0,15.0,2.0,5.0,4.0,2.0,0.0,1.0,1.0,1.0,34187.0,1,3,0,Basic,2,1
202426.0,1,56.0,3.0,22.0,3.0,3.0,5.0,3.0,1.0,5.0,1.0,1.1872666943177106,34717.0,1,2,0,Standard,2,3
202427.0,1,37.62226512226512,3.0,22.0,3.0,3.0,3.0,3.0,0.0,5.0,0.0,1.0,18544.0,1,3,1,Standard,1,3
202428.0,1,34.0,1.0,23.0,2.0,4.0,3.0,1.0,1.0,5.0,1.0,1.0,23500.0,0,1,1,Basic,1,1
202429.0,1,40.0,3.0,15.490834591330602,2.0,3.0,4.0,2.0,0.0,5.0,0.0,0.0,19661.0,1,3,1,Basic,2,1
202430.0,1,37.62226512226512,1.0,14.0,3.0,3.0,5.0,2.0,1.0,3.0,0.0,2.0,23619.85349087003,1,3,0,Basic,1,1
202431.0,1,35.0,1.0,15.490834591330602,3.0,3.0,4.0,2.0,1.0,3.0,1.0,0.0,23619.85349087003,0,3,1,Basic,1,1
202432.0,1,51.0,3.0,33.0,2.0,3.0,3.0,2.0,1.0,5.0,1.0,1.0,29026.0,1,2,1,Deluxe,2,2
202433.0,1,38.0,1.0,15.0,3.0,3.0,5.0,5.0,0.0,3.0,0.0,2.0,21893.0,0,2,1,Deluxe,1,2
202434.0,1,34.0,1.0,16.0,2.0,3.0,5.0,2.0,0.0,4.0,0.0,0.0,21125.0,1,3,1,Deluxe,2,2
202435.0,1,37.62226512226512,2.0,26.0,3.0,3.0,4.0,1.0,1.0,3.0,0.0,1.0,18669.0,1,3,0,Basic,1,1
202436.0,1,58.0,1.0,27.0,3.0,3.0,4.0,5.0,0.0,3.0,1.0,1.0,25008.0,1,3,0,Deluxe,1,2
202437.0,1,40.0,2.0,24.0,2.0,1.0,5.0,1.0,0.0,1.0,1.0,1.0,17387.0,1,2,1,Basic,1,1
202438.0,1,36.0,2.0,15.490834591330602,2.0,4.0,5.0,5.0,1.0,5.0,1.0,1.0,19639.0,1,2,1,Basic,1,1
202439.0,1,48.0,3.0,8.0,2.0,4.0,4.0,1.0,1.0,1.0,1.0,0.0,22898.0,1,3,1,Deluxe,3,2
202440.0,1,27.0,1.0,30.0,3.0,4.0,3.0,2.0,1.0,3.0,1.0,1.0,17534.0,0,2,1,Basic,2,1
202441.0,1,51.0,3.0,16.0,3.0,3.0,4.0,6.0,0.0,1.0,1.0,2.0,28142.0,1,2,0,Standard,1,3
202442.0,1,18.0,3.0,15.0,2.0,3.0,3.0,2.0,0.0,5.0,0.0,1.0,16611.0,1,3,1,Basic,2,1
202443.0,1,35.0,1.0,13.0,3.0,3.0,4.0,2.0,1.0,3.0,1.0,1.0,20363.0,1,2,1,Basic,2,1
202444.0,1,42.0,3.0,7.0,4.0,4.0,3.0,2.0,1.0,2.0,1.0,1.0,24671.0,1,2,0,Deluxe,3,2
202446.0,1,38.0,1.0,9.0,4.0,5.0,3.0,8.0,1.0,3.0,0.0,1.0,20768.0,1,0,1,Basic,2,1
202458.0,1,29.0,1.0,31.0,3.0,5.0,3.0,7.0,1.0,2.0,0.0,1.0,20706.0,1,2,1,Basic,2,1
202465.0,1,37.0,3.0,16.0,3.0,5.0,5.0,2.0,0.0,2.0,0.0,1.0,22085.0,1,2,1,Deluxe,3,2
202468.0,1,35.0,1.0,13.0,3.0,4.0,5.0,4.0,0.0,2.0,1.0,2.0,21638.0,1,3,1,Basic,3,1
202470.0,1,33.0,1.0,23.0,4.0,6.0,5.0,3.0,1.0,4.0,1.0,3.0,22597.0,0,2,0,Basic,3,1
202477.0,1,40.0,3.0,12.0,3.0,4.0,3.0,5.0,0.0,2.0,0.0,2.0,20764.0,1,1,1,Deluxe,0,2
202478.0,1,25.0,1.0,7.0,4.0,4.0,3.0,4.0,1.0,3.0,1.0,3.0,20971.0,1,3,1,Basic,0,1
202480.0,1,51.0,3.0,10.0,3.0,5.0,3.0,3.0,1.0,4.0,0.0,1.0,21361.0,1,3,1,Basic,0,1
202486.0,1,27.0,1.0,32.0,3.0,6.0,3.0,3.0,0.0,2.0,1.0,2.0,20971.0,1,2,1,Basic,2,1
202489.0,1,42.0,1.0,19.0,3.0,4.0,3.0,3.0,0.0,4.0,1.0,1.0,38223.0,1,1,0,King,0,4
202494.0,1,49.0,1.0,7.0,4.0,5.0,3.0,2.0,1.0,5.0,0.0,3.0,24059.0,1,2,1,Standard,3,3
202495.0,1,29.0,1.0,12.0,3.0,4.0,3.0,3.0,1.0,2.0,1.0,1.0,22119.0,1,1,1,Basic,3,1
202513.0,1,37.0,1.0,16.0,4.0,5.0,3.0,2.0,1.0,2.0,0.0,2.0,22066.0,1,3,1,Basic,0,1
202533.0,1,47.0,3.0,16.0,4.0,5.0,3.0,3.0,0.0,5.0,0.0,2.0,28297.0,1,3,1,Standard,3,3
202544.0,1,38.0,2.0,13.0,4.0,4.0,5.0,6.0,1.0,2.0,1.0,1.0,20751.0,1,2,1,Basic,1,1
202546.0,1,21.0,1.0,13.0,4.0,5.0,3.0,3.0,1.0,2.0,1.0,2.0,21604.0,0,2,0,Basic,3,1
202551.0,1,26.0,3.0,12.0,3.0,5.0,3.0,3.0,1.0,3.0,1.0,1.0,24422.0,1,3,1,Deluxe,3,2
202555.0,1,35.0,1.0,14.0,4.0,6.0,3.0,3.0,1.0,5.0,1.0,2.0,24752.0,0,2,1,Deluxe,3,2
202566.0,1,57.0,1.0,21.0,4.0,4.0,4.0,2.0,1.0,5.0,1.0,2.0,23641.0,1,2,0,Basic,0,1
202568.0,1,32.0,3.0,13.0,4.0,6.0,3.0,6.0,1.0,3.0,1.0,2.0,24850.0,1,2,1,Deluxe,0,2
202570.0,1,59.0,1.0,30.0,4.0,4.0,3.0,3.0,0.0,3.0,1.0,1.0,28990.0,1,3,0,Standard,0,3
202571.0,1,20.0,3.0,29.0,3.0,4.0,3.0,3.0,1.0,2.0,0.0,2.0,20353.0,1,3,1,Basic,2,1
202576.0,1,32.0,3.0,27.0,4.0,6.0,3.0,5.0,1.0,3.0,1.0,1.0,23237.0,1,2,0,Deluxe,0,2
202580.0,1,52.0,1.0,15.0,3.0,6.0,3.0,4.0,0.0,2.0,0.0,2.0,29328.0,0,2,1,Standard,2,3
202584.0,1,33.0,1.0,16.0,3.0,4.0,5.0,2.0,0.0,4.0,1.0,2.0,22878.0,1,3,0,Basic,3,1
202615.0,1,20.0,3.0,7.0,4.0,6.0,5.0,2.0,0.0,3.0,1.0,2.0,21003.0,0,1,0,Basic,2,1
202621.0,1,20.0,1.0,15.490834591330602,3.0,5.0,3.0,3.0,0.0,5.0,0.0,1.0,19780.0,1,2,1,Basic,2,1
202626.0,1,42.0,3.0,27.0,4.0,4.0,4.0,3.0,1.0,4.0,0.0,3.0,21818.0,1,3,0,Basic,3,1
202636.0,1,36.0,1.0,30.0,3.0,5.0,3.0,5.0,1.0,4.0,1.0,2.0,24594.0,1,2,1,Deluxe,0,2
202648.0,1,39.0,1.0,36.0,4.0,4.0,5.0,2.0,1.0,3.0,0.0,2.0,25351.0,1,3,1,Deluxe,0,2
202649.0,1,30.0,3.0,34.0,3.0,4.0,3.0,3.0,0.0,3.0,1.0,2.0,26317.0,1,3,0,Standard,0,3
202654.0,1,33.0,3.0,11.0,3.0,6.0,3.0,3.0,0.0,2.0,1.0,2.0,29078.0,1,3,1,Standard,0,3
202658.0,1,31.0,1.0,10.0,3.0,4.0,5.0,7.0,1.0,4.0,1.0,2.0,21335.0,1,1,0,Basic,3,1
202660.0,1,31.0,3.0,33.0,3.0,5.0,5.0,7.0,0.0,2.0,0.0,2.0,25374.0,0,3,0,Deluxe,3,2
202661.0,1,30.0,1.0,7.0,3.0,4.0,3.0,2.0,0.0,2.0,0.0,1.0,20736.0,1,1,1,Basic,2,1
202673.0,1,30.0,1.0,25.0,3.0,5.0,3.0,3.0,1.0,3.0,0.0,2.0,21067.0,1,3,1,Basic,2,1
202678.0,1,34.0,1.0,21.0,3.0,4.0,3.0,7.0,1.0,2.0,0.0,2.0,21114.0,1,3,1,Basic,0,1
202680.0,1,34.0,1.0,9.0,3.0,4.0,5.0,2.0,0.0,3.0,1.0,1.0,21385.0,1,2,0,Basic,0,1
202683.0,1,33.0,1.0,7.0,4.0,5.0,3.0,2.0,1.0,5.0,1.0,1.0,22408.0,1,2,1,Basic,3,1
202694.0,1,38.0,1.0,17.0,4.0,4.0,3.0,8.0,0.0,3.0,1.0,3.0,28726.0,0,3,1,Standard,1,3
202703.0,1,32.0,1.0,36.0,4.0,5.0,4.0,2.0,0.0,3.0,1.0,3.0,22157.0,0,3,1,Basic,3,1
202708.0,1,29.0,1.0,9.0,4.0,4.0,3.0,4.0,0.0,4.0,1.0,2.0,22163.0,1,2,1,Basic,3,1
202715.0,1,48.0,1.0,36.0,3.0,4.0,4.0,3.0,1.0,3.0,1.0,1.0,30527.0,0,2,1,Standard,0,3
202730.0,1,45.0,1.0,31.0,3.0,4.0,3.0,5.0,1.0,5.0,0.0,2.0,21839.0,0,2,1,Basic,1,1
202732.0,1,27.0,1.0,23.0,3.0,4.0,4.0,4.0,1.0,2.0,1.0,2.0,21051.0,1,3,1,Basic,1,1
202737.0,1,27.0,3.0,11.0,3.0,5.0,3.0,3.0,1.0,2.0,1.0,2.0,24506.0,1,3,1,Deluxe,3,2
202740.0,1,19.0,1.0,10.0,3.0,4.0,3.0,3.0,0.0,4.0,0.0,1.0,20098.0,1,2,1,Basic,2,1
202761.0,1,53.0,1.0,15.0,3.0,5.0,4.0,4.0,0.0,2.0,1.0,2.0,23619.0,1,3,1,Deluxe,0,2
202767.0,1,29.0,1.0,9.0,3.0,6.0,3.0,7.0,1.0,3.0,1.0,1.0,22142.0,1,3,1,Basic,0,1
202771.0,1,40.0,3.0,10.0,3.0,4.0,3.0,6.0,1.0,4.0,1.0,2.0,23916.0,1,3,0,Deluxe,0,2
202780.0,1,30.0,1.0,15.0,4.0,6.0,5.0,3.0,1.0,3.0,1.0,2.0,20797.0,1,2,1,Basic,0,1
202801.0,1,22.0,3.0,7.0,3.0,5.0,4.0,3.0,1.0,5.0,1.0,2.0,20852.0,0,1,0,Basic,2,1
202807.0,1,34.0,3.0,12.0,3.0,4.0,3.0,3.0,1.0,2.0,1.0,1.0,21529.0,1,3,0,Basic,3,1
202810.0,1,42.0,3.0,11.0,3.0,4.0,4.0,3.0,0.0,3.0,1.0,1.0,28033.0,0,3,1,Deluxe,3,2
202812.0,1,41.0,3.0,29.0,4.0,5.0,3.0,4.0,1.0,3.0,1.0,2.0,25058.0,1,3,1,Deluxe,0,2
202814.0,1,22.0,3.0,19.0,3.0,3.0,4.0,3.0,0.0,5.0,0.0,2.0,21394.0,1,2,0,Basic,3,1
202822.0,1,35.0,3.0,26.0,4.0,3.0,3.0,2.0,1.0,2.0,1.0,3.0,23982.0,0,3,1,Deluxe,3,2
202826.0,1,27.0,1.0,10.0,4.0,4.0,5.0,2.0,0.0,3.0,0.0,3.0,21780.0,0,1,1,Basic,3,1
202829.0,1,31.0,1.0,11.0,3.0,4.0,3.0,20.0,1.0,4.0,1.0,2.0,20963.0,0,1,1,Basic,2,1
202849.0,1,26.0,1.0,10.0,4.0,4.0,5.0,7.0,0.0,5.0,1.0,2.0,22709.0,1,3,1,Basic,0,1
202858.0,1,25.0,3.0,7.0,4.0,4.0,4.0,3.0,1.0,4.0,1.0,3.0,21880.0,1,1,0,Basic,3,1
202859.0,1,35.0,3.0,13.0,3.0,6.0,3.0,2.0,0.0,4.0,1.0,2.0,21029.0,0,3,0,Basic,1,1
202865.0,1,30.0,1.0,32.0,4.0,5.0,4.0,7.0,0.0,3.0,0.0,3.0,21224.0,1,1,0,Basic,0,1
202866.0,1,20.0,2.0,9.0,3.0,5.0,3.0,3.0,0.0,3.0,1.0,2.0,21242.0,1,1,1,Basic,2,1
202879.0,1,34.0,1.0,22.0,3.0,4.0,3.0,2.0,1.0,5.0,0.0,1.0,32288.0,1,3,1,Standard,0,3
202880.0,1,34.0,1.0,17.0,3.0,6.0,3.0,2.0,0.0,5.0,0.0,1.0,22086.0,1,3,1,Basic,1,1
202883.0,1,32.0,1.0,27.0,4.0,4.0,3.0,5.0,0.0,3.0,1.0,1.0,28502.0,0,2,1,Standard,0,3
202884.0,1,35.0,2.0,30.0,3.0,4.0,5.0,2.0,1.0,3.0,1.0,1.0,28628.0,0,2,0,Standard,1,3
202887.0,1,23.0,1.0,11.0,3.0,5.0,3.0,7.0,0.0,5.0,1.0,1.0,22572.0,0,1,1,Basic,3,1
202897.0,1,27.0,2.0,24.0,3.0,4.0,3.0,2.0,1.0,5.0,0.0,2.0,21419.0,0,2,0,Basic,1,1
202901.0,1,19.0,3.0,12.0,4.0,4.0,4.0,3.0,1.0,4.0,1.0,3.0,20556.0,0,3,1,Basic,2,1
202907.0,1,27.0,1.0,31.0,4.0,6.0,3.0,3.0,1.0,3.0,1.0,3.0,21018.0,1,1,1,Basic,2,1
202913.0,1,33.0,3.0,18.0,3.0,3.0,3.0,2.0,0.0,3.0,1.0,2.0,23385.0,0,2,1,Deluxe,0,2
202923.0,1,25.0,1.0,14.0,3.0,4.0,3.0,3.0,1.0,4.0,0.0,1.0,21564.0,0,2,0,Basic,0,1
202924.0,1,31.0,3.0,19.0,4.0,5.0,5.0,3.0,0.0,5.0,1.0,1.0,20711.0,0,2,1,Basic,0,1
202926.0,1,32.0,3.0,20.0,3.0,4.0,5.0,4.0,0.0,2.0,0.0,1.0,22911.0,1,3,1,Deluxe,1,2
202939.0,1,28.0,3.0,9.0,3.0,4.0,5.0,2.0,0.0,5.0,0.0,2.0,21719.0,1,3,1,Basic,1,1
202948.0,1,46.0,3.0,33.0,4.0,4.0,5.0,4.0,0.0,2.0,0.0,1.0,22964.0,0,2,0,Deluxe,0,2
202957.0,1,21.0,1.0,15.490834591330602,3.0,4.0,3.0,3.0,1.0,5.0,0.0,1.0,19687.0,1,3,1,Basic,2,1
202958.0,1,34.0,1.0,10.0,4.0,4.0,5.0,3.0,1.0,5.0,1.0,3.0,22026.0,0,2,1,Basic,3,1
202969.0,1,25.0,3.0,10.0,4.0,4.0,3.0,2.0,0.0,2.0,1.0,1.0,23255.0,1,2,0,Deluxe,3,2
202972.0,1,51.0,3.0,15.0,3.0,4.0,3.0,5.0,1.0,5.0,1.0,1.0,25474.0,0,1,1,Deluxe,0,2
202984.0,1,29.0,1.0,7.0,4.0,6.0,4.0,2.0,1.0,2.0,1.0,1.0,20894.0,1,2,0,Basic,2,1
202991.0,1,43.0,1.0,26.0,3.0,3.0,3.0,8.0,1.0,3.0,1.0,2.0,21437.0,0,3,1,Basic,1,1
203006.0,1,34.0,1.0,7.0,4.0,4.0,3.0,3.0,1.0,3.0,1.0,1.0,21364.0,1,2,1,Basic,3,1
203010.0,1,48.0,3.0,34.0,4.0,2.0,3.0,6.0,1.0,4.0,1.0,3.0,25075.0,0,2,0,Deluxe,3,2
203012.0,1,56.0,1.0,9.0,4.0,4.0,3.581036610448375,7.0,1.0,2.0,1.0,3.0,38537.0,1,3,1,King,0,4
203017.0,1,27.0,3.0,15.0,3.0,5.0,5.0,8.0,0.0,3.0,1.0,2.0,24004.0,1,1,1,Deluxe,3,2
203029.0,1,24.0,1.0,13.0,4.0,2.0,5.0,3.0,1.0,3.0,1.0,3.0,20279.0,1,2,1,Basic,0,1
203033.0,1,30.0,1.0,7.0,3.0,5.0,5.0,3.0,1.0,2.0,0.0,1.0,20997.0,1,2,0,Basic,0,1
203035.0,1,34.0,3.0,23.0,4.0,4.0,5.0,7.0,0.0,3.0,1.0,1.0,24002.0,1,3,0,Deluxe,3,2
203039.0,1,59.0,1.0,9.0,3.0,4.0,4.0,3.236520640269587,1.0,3.0,1.0,2.0,37924.0,1,2,1,King,2,4
203042.0,1,29.0,1.0,9.0,3.0,4.0,3.0,8.0,0.0,3.0,0.0,1.0,23060.0,1,3,1,Basic,3,1
203051.0,1,50.0,3.0,18.0,3.0,4.0,3.0,3.0,0.0,4.0,0.0,2.0,26332.0,1,3,0,Standard,0,3
203052.0,1,56.0,3.0,9.0,3.0,4.0,3.0,6.0,0.0,2.0,0.0,2.0,23838.0,1,3,1,Deluxe,3,2
203058.0,1,27.0,1.0,12.0,3.0,5.0,3.0,3.0,1.0,2.0,0.0,2.0,21044.0,0,3,0,Basic,0,1
203080.0,1,36.0,1.0,32.0,4.0,4.0,4.0,3.0,1.0,3.0,0.0,1.0,20700.0,0,2,0,Basic,1,1
203089.0,1,30.0,3.0,7.0,3.0,5.0,3.0,8.0,1.0,2.0,0.0,2.0,21478.0,1,3,0,Basic,1,1
203100.0,1,33.0,1.0,32.0,3.0,4.0,3.0,3.0,1.0,5.0,1.0,1.0,21473.0,1,2,1,Basic,3,1
203104.0,1,59.0,1.0,9.0,3.0,5.0,3.0,2.0,1.0,2.0,0.0,1.0,21058.0,0,2,1,Basic,1,1
203106.0,1,21.0,3.0,9.0,3.0,5.0,3.0,3.0,0.0,4.0,0.0,2.0,20722.0,1,3,0,Basic,2,1
203107.0,1,22.0,1.0,25.0,4.0,4.0,3.0,3.0,0.0,3.0,1.0,2.0,21371.0,1,2,0,Basic,3,1
203110.0,1,23.0,1.0,10.0,3.0,4.0,3.0,2.0,1.0,5.0,1.0,2.0,22849.0,1,2,0,Deluxe,0,2
203111.0,1,42.0,1.0,9.0,3.0,6.0,3.0,6.0,1.0,3.0,0.0,1.0,21456.0,1,2,0,Basic,1,1
203113.0,1,40.0,1.0,13.0,4.0,4.0,5.0,2.0,1.0,2.0,1.0,2.0,21082.0,1,3,1,Basic,0,1
203127.0,1,26.0,3.0,26.0,3.0,5.0,4.0,3.0,1.0,2.0,0.0,1.0,21091.0,1,3,1,Basic,0,1
203132.0,1,20.0,3.0,28.0,3.0,5.0,4.0,3.0,1.0,2.0,0.0,2.0,20799.0,1,2,1,Basic,2,1
203133.0,1,21.0,1.0,11.0,3.0,4.0,5.0,3.0,0.0,3.0,1.0,2.0,21651.0,1,1,1,Basic,3,1
203137.0,1,37.0,3.0,10.0,3.0,5.0,3.0,3.0,1.0,2.0,1.0,1.0,29003.0,1,2,1,Standard,0,3
203139.0,1,38.0,3.0,7.0,3.0,5.0,3.0,7.0,0.0,2.0,1.0,2.0,29287.0,1,2,1,Standard,0,3
203144.0,1,59.0,1.0,9.0,3.0,4.0,3.0,6.0,0.0,2.0,1.0,2.0,21157.0,1,1,1,Basic,2,1
203150.0,1,41.0,3.0,31.0,4.0,2.0,4.0,6.0,1.0,3.0,1.0,3.0,31872.0,0,2,0,Super Deluxe,2,0
203153.0,1,32.0,1.0,16.0,3.0,5.0,5.0,2.0,1.0,3.0,1.0,1.0,20999.0,0,3,1,Basic,2,1
203155.0,1,30.0,1.0,17.0,4.0,5.0,5.0,8.0,1.0,5.0,1.0,2.0,21082.0,1,2,0,Basic,2,1
203164.0,1,31.0,1.0,29.0,3.0,4.0,3.0,6.0,1.0,2.0,0.0,2.0,20810.0,1,2,0,Basic,0,1
203169.0,1,36.0,1.0,21.0,3.0,5.0,4.0,3.0,1.0,5.0,1.0,2.0,22421.0,1,2,1,Basic,1,1
203175.0,1,21.0,1.0,18.0,4.0,5.0,5.0,3.0,1.0,3.0,0.0,2.0,21278.0,1,3,0,Basic,3,1
203176.0,1,31.0,1.0,12.0,3.0,4.0,4.0,2.0,0.0,3.0,0.0,1.0,21100.0,0,3,0,Basic,2,1
203188.0,1,38.0,1.0,18.0,4.0,6.0,4.0,7.0,0.0,4.0,1.0,1.0,23455.0,1,3,0,Deluxe,0,2
203192.0,1,27.0,3.0,36.0,4.0,6.0,5.0,2.0,0.0,3.0,0.0,1.0,23647.0,0,3,1,Deluxe,3,2
203193.0,1,53.0,3.0,9.0,3.0,6.0,3.581036610448375,3.0,0.0,3.0,1.0,1.0,38523.0,1,3,0,King,0,4
203196.0,1,37.0,1.0,23.0,3.0,2.0,5.0,3.0,0.0,2.0,1.0,1.0,21421.0,1,2,0,Basic,3,1
203205.0,1,37.0,1.0,22.0,3.0,4.0,3.0,2.0,0.0,4.0,0.0,1.0,23512.0,1,2,1,Deluxe,1,2
203206.0,1,27.0,1.0,9.0,3.0,4.0,5.0,8.0,1.0,5.0,1.0,1.0,20720.0,0,2,1,Basic,0,1
203220.0,1,21.0,3.0,16.0,3.0,4.0,3.0,3.0,1.0,4.0,0.0,1.0,21001.0,0,3,0,Basic,2,1
203221.0,1,22.0,1.0,17.0,3.0,5.0,5.0,3.0,0.0,3.0,1.0,1.0,20094.0,1,2,0,Basic,2,1
203223.0,1,52.0,1.0,11.0,3.0,4.0,3.0,2.0,1.0,2.0,1.0,2.0,21139.0,1,2,1,Basic,0,1
203224.0,1,29.0,1.0,31.0,4.0,5.0,5.0,3.0,0.0,2.0,0.0,1.0,27400.0,0,1,1,Standard,3,3
203233.0,1,45.0,2.0,7.0,4.0,5.0,5.0,2.0,0.0,4.0,1.0,1.0,29160.0,1,3,1,Standard,0,3
203235.0,1,36.0,3.0,11.0,3.0,4.0,5.0,2.0,1.0,4.0,1.0,2.0,28260.0,1,1,1,Standard,3,3
203236.0,1,34.0,1.0,36.0,3.0,5.0,3.0,3.0,0.0,5.0,1.0,1.0,23186.0,0,3,0,Deluxe,3,2
203240.0,1,26.0,1.0,11.0,3.0,4.0,3.0,3.0,1.0,3.0,1.0,1.0,22369.0,1,1,1,Basic,0,1
203241.0,1,27.0,1.0,28.0,3.0,4.0,3.0,3.0,0.0,5.0,1.0,2.0,21055.0,1,3,1,Basic,1,1
203242.0,1,34.0,1.0,32.0,3.0,5.0,4.0,6.0,1.0,4.0,0.0,1.0,20991.0,1,3,1,Basic,2,1
203244.0,1,29.0,1.0,7.0,3.0,5.0,4.0,3.0,0.0,4.0,0.0,1.0,21274.0,0,3,1,Basic,1,1
203245.0,1,51.0,3.0,7.0,3.0,4.0,3.0,5.0,1.0,2.0,0.0,1.0,23406.0,0,2,1,Deluxe,3,2
203257.0,1,40.0,1.0,9.0,3.0,4.0,3.0,2.0,0.0,3.0,1.0,1.0,30847.0,0,2,1,Super Deluxe,1,0
203272.0,1,19.0,1.0,15.0,4.0,4.0,3.0,3.0,0.0,5.0,0.0,1.0,20582.0,0,3,1,Basic,2,1
203273.0,1,34.0,3.0,16.0,4.0,4.0,5.0,2.0,1.0,3.0,0.0,2.0,26902.0,1,3,0,Deluxe,3,2
203275.0,1,32.0,1.0,22.0,4.0,4.0,3.0,3.0,0.0,4.0,1.0,3.0,21288.0,0,3,1,Basic,0,1
203280.0,1,30.0,3.0,30.0,3.0,5.0,5.0,3.0,0.0,3.0,0.0,1.0,26014.0,1,2,0,Standard,0,3
203282.0,1,43.0,3.0,19.0,3.0,4.0,5.0,2.0,1.0,5.0,1.0,2.0,32436.0,0,2,1,Super Deluxe,2,0
203286.0,1,29.0,1.0,19.0,4.0,4.0,3.0,3.0,1.0,4.0,1.0,1.0,21193.0,1,2,0,Basic,0,1
203293.0,1,44.0,3.0,16.0,3.0,6.0,3.0,2.0,0.0,2.0,1.0,2.0,24024.0,1,3,0,Deluxe,3,2
203301.0,1,45.0,1.0,17.0,4.0,4.0,3.0,3.0,1.0,3.0,1.0,3.0,21614.0,1,2,1,Basic,3,1
203304.0,1,23.0,1.0,10.0,3.0,5.0,3.0,2.0,1.0,3.0,0.0,1.0,21531.0,0,2,1,Basic,0,1
203308.0,1,42.0,1.0,12.0,4.0,5.0,5.0,8.0,0.0,3.0,1.0,1.0,20785.0,0,2,1,Basic,1,1
203315.0,1,25.0,1.0,24.0,4.0,4.0,4.0,3.0,0.0,2.0,0.0,2.0,20888.0,1,2,0,Basic,0,1
203336.0,1,20.0,1.0,17.0,4.0,5.0,4.0,3.0,1.0,5.0,1.0,2.0,20537.0,0,3,0,Basic,2,1
203355.0,1,26.0,3.0,15.490834591330602,4.0,6.0,3.0,3.0,1.0,1.0,1.0,2.0,19796.0,0,2,1,Basic,2,1
203357.0,1,46.0,3.0,9.0,4.0,6.0,4.0,3.236520640269587,1.0,5.0,0.0,3.0,37502.0,1,3,0,King,2,4
203359.0,1,22.0,1.0,17.0,3.0,5.0,3.0,3.0,0.0,4.0,1.0,1.0,21303.0,0,2,0,Basic,3,1
203372.0,1,45.0,1.0,22.0,4.0,4.0,3.0,3.0,0.0,3.0,0.0,2.0,26656.0,1,3,0,Standard,0,3
203376.0,1,30.0,1.0,14.0,3.0,4.0,3.0,5.0,1.0,4.0,1.0,2.0,22017.0,1,1,0,Basic,1,1
203383.0,1,33.0,1.0,14.0,4.0,4.0,3.0,3.0,0.0,3.0,1.0,2.0,23561.0,1,2,1,Deluxe,0,2
203384.0,1,40.0,1.0,30.0,4.0,4.0,5.0,2.0,0.0,3.0,0.0,3.0,22582.0,1,3,1,Basic,3,1
203390.0,1,41.0,3.0,32.0,3.0,5.0,4.0,4.0,1.0,5.0,0.0,2.0,27772.0,1,3,1,Standard,3,3
203391.0,1,53.0,3.0,12.0,4.0,4.0,4.0,2.0,1.0,4.0,1.0,2.0,27124.0,1,2,1,Standard,3,3
203396.0,1,32.0,3.0,7.0,3.0,4.0,4.0,3.0,1.0,5.0,1.0,2.0,20980.0,0,2,0,Basic,2,1
203397.0,1,45.0,1.0,10.0,3.0,4.0,5.0,6.0,0.0,5.0,1.0,2.0,21040.0,1,2,1,Basic,0,1
203410.0,1,59.0,1.0,14.0,3.0,5.0,5.0,2.0,1.0,4.0,1.0,1.0,28686.0,1,3,0,Standard,0,3
203419.0,1,56.0,3.0,20.0,3.0,2.0,3.0,8.0,1.0,3.0,1.0,2.0,32373.0,1,3,1,Super Deluxe,2,0
203424.0,1,32.0,3.0,9.0,3.0,5.0,3.0,2.0,0.0,5.0,0.0,2.0,21463.0,0,2,0,Basic,3,1
203425.0,1,36.0,3.0,25.0,4.0,4.0,3.0,2.0,1.0,5.0,1.0,3.0,23292.0,0,3,0,Deluxe,0,2
203429.0,1,32.0,1.0,29.0,4.0,4.0,3.0,3.0,1.0,5.0,1.0,1.0,24857.0,1,3,1,Deluxe,0,2
203441.0,1,28.0,1.0,24.0,3.0,4.0,3.0,3.0,1.0,5.0,1.0,1.0,21072.0,1,2,0,Basic,2,1
203450.0,1,50.0,1.0,35.0,4.0,5.0,5.0,5.0,0.0,3.0,0.0,2.0,22962.0,0,2,1,Deluxe,3,2
203451.0,1,30.0,1.0,21.0,3.0,4.0,3.0,2.0,1.0,5.0,1.0,1.0,26231.0,0,2,0,Standard,3,3
203456.0,1,32.0,3.0,7.0,3.0,3.708445178608301,3.0,3.0,0.0,3.0,1.0,2.0,20037.0,0,2,0,Basic,2,1
203460.0,1,32.0,1.0,15.0,3.0,3.708445178608301,4.0,3.0,0.0,4.0,0.0,2.0,19939.0,1,2,0,Basic,2,1
203465.0,1,26.0,3.0,16.0,4.0,5.0,5.0,5.0,0.0,1.0,1.0,1.0,23078.0,1,2,1,Basic,0,1
203475.0,1,47.0,3.0,16.0,3.0,4.0,3.0,6.0,0.0,3.0,0.0,2.0,28774.0,1,3,1,Standard,1,3
203476.0,1,40.0,1.0,9.0,3.0,5.0,5.0,4.0,1.0,3.0,0.0,1.0,22324.0,0,2,0,Basic,3,1
203477.0,1,32.0,1.0,7.0,4.0,2.0,4.0,3.0,0.0,3.0,1.0,3.0,26124.0,0,2,0,Standard,3,3
203480.0,1,32.0,1.0,9.0,4.0,4.0,3.0,8.0,1.0,3.0,1.0,2.0,22400.0,0,2,1,Basic,0,1
203483.0,1,35.0,2.0,16.0,3.0,4.0,3.0,3.0,0.0,1.0,1.0,1.0,21420.0,1,1,0,Basic,0,1
203500.0,1,29.0,3.0,7.0,4.0,4.0,3.0,5.0,0.0,3.0,1.0,1.0,21587.0,0,1,1,Basic,0,1
203501.0,1,30.0,3.0,20.0,3.0,4.0,4.0,7.0,0.0,3.0,0.0,2.0,24443.0,0,1,0,Deluxe,3,2
203502.0,1,35.0,3.0,31.0,3.0,5.0,4.0,2.0,1.0,5.0,1.0,1.0,23277.0,1,3,0,Deluxe,3,2
203504.0,1,25.0,1.0,16.0,3.0,4.0,5.0,4.0,1.0,3.0,0.0,2.0,21850.0,0,3,1,Basic,3,1
203512.0,1,29.0,1.0,9.0,3.0,5.0,5.0,2.0,0.0,4.0,0.0,1.0,21239.0,0,3,1,Basic,2,1
203521.0,1,30.0,1.0,7.0,4.0,5.0,5.0,8.0,0.0,3.0,0.0,3.0,21040.0,1,1,1,Basic,2,1
203527.0,1,41.0,1.0,16.0,3.0,4.0,5.0,5.0,0.0,1.0,1.0,2.0,20696.0,1,2,1,Basic,2,1
203529.0,1,32.0,1.0,10.0,3.0,4.0,3.0,3.0,0.0,4.0,1.0,2.0,22762.0,0,2,0,Basic,3,1
203550.0,1,31.0,3.0,7.0,4.0,5.0,5.0,3.0,0.0,4.0,1.0,2.0,28392.0,1,2,1,Deluxe,1,2
203554.0,1,36.0,1.0,9.0,4.0,4.0,5.0,3.0,1.0,1.0,1.0,2.0,20752.0,1,2,0,Basic,1,1
203555.0,1,54.0,1.0,9.0,4.0,5.0,3.0,2.0,0.0,5.0,1.0,3.0,28847.0,1,1,0,Standard,1,3
203556.0,1,39.0,1.0,9.0,3.0,4.0,4.0,6.0,0.0,4.0,0.0,1.0,23533.0,1,3,1,Deluxe,1,2
203580.0,1,29.0,1.0,31.0,3.0,4.0,4.0,3.0,1.0,1.0,0.0,1.0,21086.0,1,3,1,Basic,1,1
203597.0,1,19.0,3.0,10.0,4.0,4.0,3.0,3.0,1.0,5.0,0.0,2.0,20247.0,0,3,0,Basic,2,1
203606.0,1,36.0,3.0,17.0,3.0,5.0,5.0,2.0,0.0,5.0,1.0,2.0,28984.0,1,3,1,Standard,1,3
203611.0,1,36.0,3.0,22.0,3.0,6.0,3.0,8.0,1.0,1.0,1.0,2.0,24118.0,1,3,1,Deluxe,1,2
203615.0,1,41.0,1.0,14.0,4.0,4.0,5.0,5.0,1.0,3.0,0.0,2.0,20844.0,1,2,1,Basic,2,1
203630.0,1,36.0,3.0,19.0,3.0,4.0,3.0,5.0,1.0,3.0,1.0,1.0,23259.0,0,2,1,Deluxe,3,2
203645.0,1,24.0,1.0,15.0,4.0,5.0,3.0,3.0,1.0,4.0,1.0,3.0,22667.0,1,3,1,Basic,3,1
203648.0,1,49.0,3.0,14.0,4.0,4.0,3.0,4.0,1.0,4.0,1.0,2.0,21333.0,0,3,0,Basic,1,1
203649.0,1,33.0,1.0,9.0,4.0,4.0,4.0,3.0,0.0,3.0,1.0,2.0,20071.0,1,2,1,Basic,2,1
203657.0,1,24.0,3.0,14.0,3.0,4.0,3.0,3.0,1.0,1.0,1.0,1.0,20953.0,1,2,1,Basic,1,1
203666.0,1,25.0,2.0,29.0,3.0,6.0,3.0,3.0,0.0,1.0,0.0,2.0,20233.0,1,2,1,Basic,1,1
203667.0,1,48.0,3.0,16.0,3.0,6.0,3.0,2.0,0.0,5.0,1.0,2.0,31614.0,0,2,1,Super Deluxe,1,0
203680.0,1,37.0,3.0,20.0,4.0,5.0,5.0,7.0,1.0,1.0,1.0,1.0,24812.0,1,3,1,Deluxe,1,2
203681.0,1,33.0,3.0,7.0,3.0,6.0,4.0,8.0,0.0,3.0,0.0,2.0,25413.0,1,2,1,Deluxe,3,2
203690.0,1,31.0,2.0,15.0,4.0,5.0,3.0,8.0,0.0,5.0,1.0,3.0,20858.0,0,2,0,Basic,1,1
203693.0,1,30.0,3.0,16.0,3.0,6.0,4.0,3.0,0.0,1.0,1.0,2.0,21438.0,1,3,0,Basic,3,1
203699.0,1,34.0,3.0,23.0,4.0,4.0,5.0,4.0,1.0,5.0,0.0,1.0,27242.0,1,2,0,Standard,3,3
203701.0,1,32.0,3.0,23.0,4.0,4.0,3.0,4.0,0.0,5.0,1.0,1.0,26839.0,1,3,1,Standard,1,3
203706.0,1,44.0,1.0,24.0,3.0,5.0,3.0,2.0,1.0,5.0,1.0,2.0,21115.0,0,1,1,Basic,1,1
203715.0,1,22.0,3.0,14.0,3.0,4.0,4.0,3.0,0.0,5.0,1.0,2.0,21357.0,1,3,1,Basic,3,1
203717.0,1,23.0,1.0,15.0,4.0,4.0,5.0,3.0,1.0,3.0,0.0,2.0,21076.0,1,3,0,Basic,1,1
203723.0,1,45.0,1.0,7.0,3.0,4.0,4.0,3.0,1.0,3.0,1.0,2.0,21020.0,0,3,1,Basic,1,1
203725.0,1,36.0,3.0,34.0,3.0,4.0,3.0,3.0,1.0,5.0,0.0,1.0,24491.0,1,2,1,Deluxe,3,2
203734.0,1,35.0,1.0,16.0,4.0,4.0,5.0,6.0,0.0,3.0,0.0,2.0,24024.0,0,2,1,Deluxe,1,2
203735.0,1,38.0,1.0,17.0,3.0,4.0,5.0,3.0,0.0,4.0,0.0,1.0,22891.0,1,3,1,Deluxe,3,2
203741.0,1,27.0,2.0,27.0,4.0,4.0,4.0,2.0,1.0,3.0,0.0,2.0,20826.0,1,3,0,Basic,1,1
203742.0,1,47.0,1.0,28.0,4.0,4.0,4.0,6.0,0.0,3.0,1.0,3.0,27604.0,1,3,0,Deluxe,1,2
203756.0,1,32.0,2.0,25.0,3.0,2.0,5.0,2.0,0.0,1.0,1.0,1.0,21634.0,1,2,1,Basic,1,1
203757.0,1,30.0,2.0,20.0,3.0,5.0,5.0,6.0,1.0,5.0,1.0,2.0,21013.0,1,2,1,Basic,1,1
203770.0,1,33.0,3.0,9.0,3.0,5.0,4.0,2.0,1.0,1.0,1.0,1.0,28585.0,1,3,1,Deluxe,2,2
203776.0,1,30.0,1.0,31.0,4.0,5.0,3.0,3.0,1.0,3.0,1.0,3.0,21117.0,0,2,1,Basic,2,1
203777.0,1,47.0,3.0,17.0,4.0,4.0,4.0,7.0,0.0,1.0,0.0,3.0,25992.0,1,2,0,Standard,1,3
203782.0,1,31.0,3.0,15.490834591330602,3.0,4.0,3.0,3.0,0.0,5.0,0.0,1.0,19759.0,1,3,1,Basic,2,1
203783.0,1,23.0,1.0,14.0,4.0,4.0,4.0,3.0,1.0,3.0,1.0,1.0,21150.0,1,2,1,Basic,2,1
203797.0,1,35.0,1.0,23.0,3.0,6.0,5.0,3.0,1.0,3.0,1.0,1.0,20985.0,0,1,1,Basic,1,1
203798.0,1,57.0,1.0,31.0,4.0,4.0,3.0,3.0,0.0,3.0,0.0,1.0,21265.0,1,2,1,Basic,2,1
203809.0,1,30.0,3.0,15.490834591330602,3.0,2.0,5.0,3.0,0.0,3.0,1.0,2.0,19769.0,0,1,1,Basic,2,1
203813.0,1,29.0,3.0,20.0,3.0,4.0,3.0,5.0,1.0,5.0,1.0,2.0,28532.0,1,3,0,Deluxe,3,2
203819.0,1,33.0,1.0,12.0,3.0,2.0,3.0,5.0,1.0,1.0,0.0,2.0,21110.0,0,2,0,Basic,2,1
203823.0,1,28.0,2.0,29.0,3.0,5.0,4.0,3.0,0.0,1.0,1.0,1.0,21541.0,0,2,0,Basic,1,1
203834.0,1,29.0,1.0,24.0,3.0,5.0,3.0,7.0,0.0,3.0,0.0,2.0,21045.0,1,1,1,Basic,1,1
203839.0,1,32.0,3.0,33.0,4.0,4.0,3.0,3.0,1.0,3.0,0.0,2.0,24295.0,0,3,1,Deluxe,1,2
203840.0,1,54.0,3.0,31.0,4.0,4.0,5.0,8.0,1.0,3.0,1.0,3.0,29126.0,1,2,1,Standard,2,3
203882.0,1,24.0,3.0,16.0,3.0,4.0,5.0,3.0,0.0,5.0,1.0,1.0,20468.0,0,3,1,Basic,1,1
203886.0,1,30.0,1.0,7.0,3.0,4.0,3.0,2.0,1.0,3.0,1.0,1.0,23465.0,1,3,1,Basic,1,1
203888.0,1,57.0,1.0,14.0,4.0,4.0,3.0,2.0,0.0,4.0,1.0,3.0,21017.0,1,1,1,Basic,1,1
203896.0,1,51.0,3.0,7.0,4.0,4.0,3.0,2.0,0.0,3.0,1.0,2.0,25406.0,0,2,1,Deluxe,1,2
203905.0,1,51.0,3.0,35.0,3.0,5.0,5.0,6.0,1.0,5.0,0.0,1.0,29532.0,1,3,1,Standard,1,3
203914.0,1,42.0,3.0,7.0,4.0,4.0,3.0,2.0,1.0,4.0,0.0,3.0,24671.0,1,2,0,Deluxe,3,2
203916.0,1,38.0,1.0,9.0,4.0,5.0,3.0,8.0,1.0,3.0,0.0,3.0,20768.0,1,2,1,Basic,2,1
203928.0,1,29.0,1.0,31.0,3.0,5.0,3.0,7.0,1.0,1.0,0.0,1.0,20706.0,1,2,1,Basic,2,1
203935.0,1,37.0,3.0,16.0,3.0,5.0,5.0,2.0,0.0,1.0,0.0,1.0,22085.0,1,2,1,Basic,3,1
203938.0,1,35.0,1.0,13.0,3.0,4.0,5.0,4.0,0.0,4.0,0.0,1.0,21638.0,1,3,1,Basic,3,1
203940.0,1,33.0,1.0,23.0,4.0,6.0,5.0,3.0,1.0,4.0,0.0,1.0,22597.0,0,2,0,Basic,3,1
203947.0,1,40.0,3.0,12.0,3.0,4.0,3.0,5.0,0.0,1.0,0.0,1.0,20764.0,1,1,1,Deluxe,1,2
203948.0,1,25.0,1.0,7.0,4.0,4.0,3.0,4.0,1.0,3.0,0.0,3.0,20971.0,1,3,1,Basic,1,1
203950.0,1,51.0,3.0,10.0,3.0,5.0,3.0,3.0,1.0,4.0,1.0,2.0,21361.0,1,3,1,Basic,1,1
203956.0,1,27.0,1.0,32.0,3.0,6.0,3.0,3.0,0.0,1.0,0.0,1.0,20971.0,1,2,1,Basic,2,1
203959.0,1,42.0,1.0,19.0,3.0,4.0,3.0,3.0,0.0,4.0,1.0,2.0,38223.0,1,1,0,King,1,4
203964.0,1,49.0,1.0,7.0,4.0,5.0,3.0,2.0,1.0,5.0,0.0,1.0,24059.0,1,2,1,Standard,3,3
203965.0,1,29.0,1.0,12.0,3.0,4.0,3.0,3.0,1.0,1.0,0.0,1.0,22119.0,1,1,1,Basic,3,1
203983.0,1,37.0,1.0,16.0,4.0,5.0,3.0,2.0,1.0,1.0,1.0,3.0,22066.0,1,3,1,Basic,1,1
204003.0,1,47.0,3.0,16.0,4.0,5.0,3.0,3.0,0.0,5.0,1.0,3.0,28297.0,1,3,1,Standard,3,3
204014.0,1,38.0,2.0,13.0,4.0,4.0,5.0,6.0,1.0,1.0,0.0,3.0,20751.0,1,2,1,Basic,1,1
204016.0,1,21.0,1.0,13.0,4.0,5.0,3.0,3.0,1.0,1.0,0.0,1.0,21604.0,0,2,0,Basic,3,1
204021.0,1,26.0,3.0,12.0,3.0,5.0,3.0,3.0,1.0,3.0,0.0,2.0,24422.0,1,3,1,Deluxe,3,2
204025.0,1,35.0,1.0,14.0,4.0,6.0,3.0,3.0,1.0,5.0,1.0,1.0,24752.0,0,2,1,Deluxe,3,2
204036.0,1,57.0,1.0,21.0,4.0,4.0,4.0,2.0,1.0,5.0,1.0,1.0,23641.0,1,2,0,Basic,1,1
204038.0,1,32.0,3.0,13.0,4.0,6.0,3.0,6.0,1.0,3.0,0.0,3.0,24850.0,1,2,1,Deluxe,1,2
204040.0,1,59.0,1.0,30.0,4.0,4.0,3.0,3.0,0.0,3.0,1.0,1.0,28990.0,1,3,0,Standard,1,3
204041.0,1,20.0,3.0,29.0,3.0,4.0,3.0,3.0,1.0,1.0,1.0,1.0,20353.0,1,3,1,Basic,2,1
204046.0,1,32.0,3.0,27.0,4.0,6.0,3.0,5.0,1.0,3.0,0.0,3.0,23237.0,1,2,0,Deluxe,1,2
204050.0,1,52.0,1.0,15.0,3.0,6.0,3.0,4.0,0.0,1.0,1.0,1.0,29328.0,0,2,1,Standard,2,3
204054.0,1,33.0,1.0,16.0,3.0,4.0,5.0,2.0,0.0,4.0,1.0,1.0,22878.0,1,3,0,Basic,3,1
204085.0,1,20.0,3.0,7.0,4.0,6.0,5.0,2.0,0.0,3.0,1.0,1.0,21003.0,0,1,0,Basic,2,1
204091.0,1,20.0,1.0,15.490834591330602,3.0,5.0,3.0,3.0,0.0,5.0,1.0,1.0,19780.0,1,2,1,Basic,2,1
204096.0,1,42.0,3.0,27.0,4.0,4.0,4.0,3.0,1.0,4.0,0.0,2.0,21818.0,1,3,0,Basic,3,1
204106.0,1,36.0,1.0,30.0,3.0,5.0,3.0,5.0,1.0,4.0,1.0,1.0,24594.0,1,2,1,Deluxe,1,2
204118.0,1,39.0,1.0,36.0,4.0,4.0,5.0,2.0,1.0,3.0,1.0,3.0,25351.0,1,3,1,Deluxe,1,2
204119.0,1,30.0,3.0,34.0,3.0,4.0,3.0,3.0,0.0,3.0,0.0,1.0,26317.0,1,3,0,Standard,1,3
204124.0,1,33.0,3.0,11.0,3.0,6.0,3.0,3.0,0.0,1.0,1.0,1.0,29078.0,1,3,1,Standard,1,3
204128.0,1,31.0,1.0,10.0,3.0,4.0,5.0,7.0,1.0,4.0,0.0,1.0,21335.0,1,1,0,Basic,3,1
204130.0,1,31.0,3.0,33.0,3.0,5.0,5.0,7.0,0.0,1.0,1.0,2.0,25374.0,0,3,0,Deluxe,3,2
204131.0,1,30.0,1.0,7.0,3.0,4.0,3.0,2.0,0.0,1.0,0.0,1.0,20736.0,1,1,1,Basic,2,1
204143.0,1,30.0,1.0,25.0,3.0,5.0,3.0,3.0,1.0,3.0,0.0,1.0,21067.0,1,3,1,Basic,2,1
204148.0,1,34.0,1.0,21.0,3.0,4.0,3.0,7.0,1.0,1.0,1.0,2.0,21114.0,1,3,1,Basic,1,1
204150.0,1,34.0,1.0,9.0,3.0,4.0,5.0,2.0,0.0,3.0,1.0,2.0,21385.0,1,2,0,Basic,1,1
204153.0,1,33.0,1.0,7.0,4.0,5.0,3.0,2.0,1.0,5.0,0.0,3.0,22408.0,1,2,1,Basic,3,1
204164.0,1,38.0,1.0,17.0,4.0,4.0,3.0,8.0,0.0,3.0,0.0,3.0,28726.0,0,3,1,Standard,1,3
204173.0,1,32.0,1.0,36.0,4.0,5.0,4.0,2.0,0.0,3.0,0.0,3.0,22157.0,0,3,1,Basic,3,1
204178.0,1,29.0,1.0,9.0,4.0,4.0,3.0,4.0,0.0,4.0,0.0,2.0,22163.0,1,2,1,Basic,3,1
204185.0,1,48.0,1.0,36.0,3.0,4.0,4.0,3.0,1.0,3.0,1.0,1.0,30527.0,0,2,1,Standard,1,3
204200.0,1,45.0,1.0,31.0,3.0,4.0,3.0,5.0,1.0,5.0,0.0,2.0,21839.0,0,2,1,Basic,1,1
204202.0,1,27.0,1.0,23.0,3.0,4.0,4.0,4.0,1.0,1.0,1.0,1.0,21051.0,1,3,1,Basic,1,1
204207.0,1,27.0,3.0,11.0,3.0,5.0,3.0,3.0,1.0,1.0,1.0,1.0,24506.0,1,3,1,Deluxe,3,2
204210.0,1,19.0,1.0,10.0,3.0,4.0,3.0,3.0,0.0,4.0,1.0,1.0,20098.0,1,3,1,Basic,2,1
204231.0,1,53.0,1.0,15.0,3.0,5.0,4.0,4.0,0.0,1.0,1.0,1.0,23619.0,1,3,1,Deluxe,1,2
204237.0,1,29.0,1.0,9.0,3.0,6.0,3.0,7.0,1.0,3.0,1.0,2.0,22142.0,1,3,1,Basic,1,1
204241.0,1,40.0,3.0,10.0,3.0,4.0,3.0,6.0,1.0,4.0,1.0,2.0,23916.0,1,3,0,Deluxe,1,2
204250.0,1,30.0,1.0,15.0,4.0,6.0,5.0,3.0,1.0,3.0,0.0,2.0,20797.0,1,2,1,Basic,1,1
204271.0,1,22.0,3.0,7.0,4.0,5.0,4.0,3.0,1.0,5.0,1.0,3.0,20852.0,0,1,0,Basic,2,1
204277.0,1,34.0,3.0,12.0,3.0,4.0,3.0,3.0,1.0,1.0,0.0,2.0,21529.0,1,3,0,Basic,3,1
204280.0,1,42.0,3.0,11.0,3.0,4.0,4.0,3.0,0.0,3.0,1.0,1.0,28033.0,0,3,1,Deluxe,3,2
204282.0,1,41.0,3.0,29.0,4.0,5.0,3.0,4.0,1.0,3.0,1.0,1.0,25058.0,1,3,1,Deluxe,1,2
204284.0,1,22.0,3.0,19.0,3.0,2.0,4.0,3.0,0.0,5.0,0.0,2.0,21394.0,1,2,0,Basic,3,1
204292.0,1,35.0,3.0,26.0,4.0,2.0,3.0,2.0,1.0,1.0,0.0,1.0,23982.0,0,3,1,Deluxe,3,2
204296.0,1,27.0,1.0,10.0,4.0,4.0,5.0,2.0,0.0,3.0,0.0,2.0,21780.0,0,1,1,Basic,3,1
204299.0,1,31.0,1.0,11.0,3.0,4.0,3.0,2.0,1.0,4.0,1.0,1.0,20963.0,0,1,1,Basic,2,1
204319.0,1,26.0,1.0,10.0,4.0,4.0,5.0,7.0,0.0,5.0,1.0,2.0,22709.0,1,3,1,Basic,1,1
204328.0,1,25.0,3.0,7.0,4.0,4.0,4.0,3.0,1.0,4.0,0.0,1.0,21880.0,1,1,0,Basic,3,1
204329.0,1,35.0,3.0,13.0,3.0,6.0,3.0,2.0,0.0,4.0,0.0,2.0,21029.0,0,3,0,Basic,1,1
204335.0,1,30.0,1.0,32.0,4.0,5.0,4.0,7.0,0.0,3.0,1.0,3.0,21224.0,1,1,0,Basic,1,1
204336.0,1,20.0,2.0,9.0,3.0,5.0,3.0,3.0,0.0,3.0,0.0,1.0,21242.0,1,1,1,Basic,2,1
204349.0,1,34.0,1.0,22.0,3.0,4.0,3.0,2.0,1.0,5.0,1.0,1.0,32288.0,1,3,1,Standard,1,3
204350.0,1,34.0,1.0,17.0,3.0,6.0,3.0,2.0,0.0,5.0,0.0,1.0,22086.0,1,3,1,Basic,1,1
204353.0,1,32.0,1.0,27.0,4.0,4.0,3.0,5.0,0.0,3.0,1.0,1.0,28502.0,0,2,1,Standard,1,3
204354.0,1,35.0,2.0,30.0,3.0,4.0,5.0,2.0,1.0,3.0,1.0,1.0,28628.0,0,2,0,Standard,1,3
204357.0,1,23.0,1.0,11.0,4.0,5.0,3.0,7.0,0.0,5.0,0.0,1.0,22572.0,0,1,1,Basic,3,1
204367.0,1,27.0,2.0,24.0,3.0,4.0,3.0,2.0,1.0,5.0,0.0,2.0,21419.0,0,2,0,Basic,1,1
204371.0,1,19.0,3.0,12.0,4.0,4.0,4.0,3.0,1.0,4.0,1.0,1.0,20556.0,0,3,1,Basic,2,1
204377.0,1,27.0,1.0,31.0,4.0,6.0,3.0,3.0,1.0,3.0,0.0,2.0,21018.0,1,1,1,Basic,2,1
204383.0,1,33.0,3.0,18.0,3.0,2.0,3.0,2.0,0.0,3.0,1.0,1.0,23385.0,0,2,1,Deluxe,1,2
204393.0,1,25.0,1.0,14.0,3.0,4.0,3.0,3.0,1.0,4.0,0.0,1.0,21564.0,0,2,0,Basic,1,1
204394.0,1,31.0,3.0,19.0,4.0,5.0,5.0,3.0,0.0,5.0,1.0,3.0,20711.0,0,2,1,Basic,1,1
204396.0,1,32.0,3.0,20.0,3.0,4.0,5.0,4.0,0.0,1.0,0.0,2.0,22911.0,1,3,1,Deluxe,1,2
204409.0,1,28.0,3.0,9.0,3.0,4.0,5.0,2.0,0.0,5.0,1.0,2.0,21719.0,1,3,1,Basic,1,1
204418.0,1,46.0,3.0,33.0,4.0,4.0,5.0,4.0,0.0,1.0,0.0,3.0,22964.0,0,2,0,Deluxe,1,2
204427.0,1,21.0,1.0,15.490834591330602,3.0,4.0,3.0,3.0,1.0,5.0,1.0,2.0,19687.0,1,3,1,Basic,2,1
204428.0,1,34.0,1.0,10.0,4.0,4.0,5.0,3.0,1.0,5.0,1.0,1.0,22026.0,0,2,1,Basic,3,1
204439.0,1,25.0,3.0,10.0,4.0,4.0,3.0,2.0,0.0,1.0,1.0,2.0,23255.0,1,2,0,Deluxe,3,2
204442.0,1,51.0,3.0,15.0,3.0,4.0,3.0,5.0,1.0,5.0,0.0,1.0,25474.0,0,1,1,Deluxe,1,2
204454.0,1,29.0,1.0,7.0,4.0,6.0,4.0,2.0,1.0,1.0,1.0,3.0,20894.0,1,2,0,Basic,2,1
204461.0,1,43.0,1.0,26.0,3.0,2.0,3.0,8.0,1.0,3.0,0.0,1.0,21437.0,0,3,1,Basic,1,1
204476.0,1,34.0,1.0,7.0,4.0,4.0,3.0,3.0,1.0,3.0,1.0,1.0,21364.0,1,2,1,Basic,3,1
204480.0,1,48.0,3.0,34.0,4.0,2.0,3.0,6.0,1.0,4.0,0.0,2.0,25075.0,0,2,0,Deluxe,3,2
204482.0,1,56.0,1.0,9.0,4.0,4.0,3.581036610448375,7.0,1.0,1.0,1.0,1.0,38537.0,1,3,1,King,1,4
204487.0,1,27.0,3.0,15.0,3.0,5.0,5.0,8.0,0.0,3.0,0.0,1.0,24004.0,1,1,1,Deluxe,3,2
204499.0,1,24.0,1.0,13.0,4.0,2.0,5.0,3.0,1.0,3.0,0.0,1.0,20279.0,1,2,1,Basic,1,1
204503.0,1,30.0,1.0,7.0,3.0,5.0,5.0,3.0,1.0,1.0,0.0,1.0,20997.0,1,2,0,Basic,1,1
204505.0,1,34.0,3.0,23.0,4.0,4.0,5.0,7.0,0.0,3.0,1.0,1.0,24002.0,1,3,0,Deluxe,3,2
204509.0,1,59.0,1.0,9.0,3.0,4.0,4.0,3.236520640269587,1.0,3.0,1.0,1.0,37924.0,1,2,1,King,2,4
204512.0,1,29.0,1.0,9.0,3.0,4.0,3.0,8.0,0.0,3.0,1.0,2.0,23060.0,1,3,1,Basic,3,1
204521.0,1,50.0,3.0,18.0,3.0,4.0,3.0,3.0,0.0,4.0,0.0,1.0,26332.0,1,3,0,Standard,1,3
204522.0,1,56.0,3.0,9.0,3.0,4.0,3.0,6.0,0.0,1.0,1.0,1.0,23838.0,1,3,1,Deluxe,3,2
204528.0,1,27.0,1.0,12.0,3.0,5.0,3.0,3.0,1.0,1.0,0.0,2.0,21044.0,0,3,0,Basic,1,1
204550.0,1,36.0,1.0,32.0,4.0,4.0,4.0,3.0,1.0,3.0,1.0,2.0,20700.0,0,2,0,Basic,1,1
204559.0,1,30.0,3.0,7.0,3.0,5.0,3.0,8.0,1.0,1.0,1.0,2.0,21478.0,1,3,0,Basic,1,1
204570.0,1,33.0,1.0,32.0,3.0,4.0,3.0,3.0,1.0,5.0,0.0,1.0,21473.0,1,2,1,Basic,3,1
204574.0,1,59.0,1.0,9.0,3.0,5.0,3.0,2.0,1.0,1.0,1.0,1.0,21058.0,0,2,1,Basic,1,1
204576.0,1,21.0,3.0,9.0,3.0,5.0,3.0,3.0,0.0,4.0,1.0,1.0,20722.0,1,3,0,Basic,2,1
204577.0,1,22.0,1.0,25.0,4.0,4.0,3.0,3.0,0.0,3.0,1.0,3.0,21371.0,1,2,0,Basic,3,1
204580.0,1,23.0,1.0,10.0,3.0,4.0,3.0,2.0,1.0,5.0,1.0,2.0,22849.0,1,2,0,Deluxe,1,2
204581.0,1,42.0,1.0,9.0,3.0,6.0,3.0,6.0,1.0,3.0,0.0,2.0,21456.0,1,2,0,Basic,1,1
204583.0,1,40.0,1.0,13.0,4.0,4.0,5.0,2.0,1.0,1.0,1.0,2.0,21082.0,1,3,1,Basic,1,1
204597.0,1,26.0,3.0,26.0,3.0,5.0,4.0,3.0,1.0,1.0,0.0,2.0,21091.0,1,3,1,Basic,1,1
204602.0,1,20.0,3.0,28.0,3.0,5.0,4.0,3.0,1.0,1.0,1.0,2.0,20799.0,1,2,1,Basic,2,1
204603.0,1,21.0,1.0,11.0,3.0,4.0,5.0,3.0,0.0,3.0,1.0,1.0,21651.0,1,1,1,Basic,3,1
204607.0,1,37.0,3.0,10.0,3.0,5.0,3.0,3.0,1.0,1.0,1.0,1.0,29003.0,1,2,1,Standard,1,3
204609.0,1,38.0,3.0,7.0,3.0,5.0,3.0,7.0,0.0,1.0,1.0,2.0,29287.0,1,2,1,Standard,1,3
204614.0,1,59.0,1.0,9.0,3.0,4.0,3.0,6.0,0.0,1.0,0.0,1.0,21157.0,1,1,1,Basic,2,1
204620.0,1,41.0,3.0,31.0,4.0,2.0,4.0,6.0,1.0,3.0,1.0,1.0,31872.0,0,2,0,Super Deluxe,2,0
204623.0,1,32.0,1.0,16.0,3.0,5.0,5.0,2.0,1.0,3.0,0.0,2.0,20999.0,0,3,1,Basic,2,1
204625.0,1,30.0,1.0,17.0,4.0,5.0,5.0,8.0,1.0,5.0,1.0,1.0,21082.0,1,2,0,Basic,2,1
204634.0,1,31.0,1.0,29.0,3.0,4.0,3.0,6.0,1.0,1.0,0.0,1.0,20810.0,1,2,0,Basic,1,1
204639.0,1,36.0,1.0,21.0,3.0,5.0,4.0,3.0,1.0,5.0,1.0,2.0,22421.0,1,2,1,Basic,1,1
204645.0,1,21.0,1.0,18.0,4.0,5.0,5.0,3.0,1.0,3.0,1.0,3.0,21278.0,1,3,0,Basic,3,1
204646.0,1,31.0,1.0,12.0,3.0,4.0,4.0,2.0,0.0,3.0,0.0,1.0,21100.0,0,3,0,Basic,2,1
204658.0,1,38.0,1.0,18.0,4.0,6.0,4.0,7.0,0.0,4.0,1.0,1.0,23455.0,1,3,0,Deluxe,1,2
204662.0,1,27.0,3.0,36.0,4.0,6.0,5.0,2.0,0.0,3.0,1.0,2.0,23647.0,0,3,1,Deluxe,3,2
204663.0,1,53.0,3.0,9.0,3.0,6.0,3.581036610448375,3.0,0.0,3.0,1.0,2.0,38523.0,1,3,0,King,1,4
204666.0,1,37.0,1.0,23.0,3.0,2.0,5.0,3.0,0.0,1.0,1.0,1.0,21421.0,1,2,0,Basic,3,1
204675.0,1,37.0,1.0,22.0,3.0,4.0,3.0,2.0,0.0,4.0,0.0,2.0,23512.0,1,2,1,Deluxe,1,2
204676.0,1,27.0,1.0,9.0,3.0,4.0,5.0,8.0,1.0,5.0,0.0,1.0,20720.0,0,2,1,Basic,1,1
204690.0,1,21.0,3.0,16.0,3.0,4.0,3.0,3.0,1.0,4.0,1.0,1.0,21001.0,0,3,0,Basic,2,1
204691.0,1,22.0,1.0,17.0,3.0,5.0,5.0,3.0,0.0,3.0,0.0,2.0,20094.0,1,2,0,Basic,2,1
204693.0,1,52.0,1.0,11.0,3.0,4.0,3.0,2.0,1.0,1.0,0.0,1.0,21139.0,1,2,1,Basic,1,1
204694.0,1,29.0,1.0,31.0,4.0,5.0,5.0,3.0,0.0,1.0,1.0,2.0,27400.0,0,1,1,Standard,3,3
204703.0,1,45.0,2.0,7.0,4.0,5.0,5.0,2.0,0.0,4.0,1.0,1.0,29160.0,1,3,1,Standard,1,3
204705.0,1,36.0,3.0,11.0,3.0,4.0,5.0,2.0,1.0,4.0,1.0,2.0,28260.0,1,1,1,Standard,3,3
204706.0,1,34.0,1.0,36.0,3.0,5.0,3.0,3.0,0.0,5.0,1.0,1.0,23186.0,0,3,0,Deluxe,3,2
204710.0,1,26.0,1.0,11.0,3.0,4.0,3.0,3.0,1.0,3.0,1.0,2.0,22369.0,1,1,1,Basic,1,1
204711.0,1,27.0,1.0,28.0,3.0,4.0,3.0,3.0,0.0,5.0,1.0,1.0,21055.0,1,3,1,Basic,1,1
204712.0,1,34.0,1.0,32.0,3.0,5.0,4.0,6.0,1.0,4.0,1.0,1.0,20991.0,1,3,1,Basic,2,1
204714.0,1,29.0,1.0,7.0,3.0,5.0,4.0,3.0,0.0,4.0,1.0,1.0,21274.0,0,3,1,Basic,1,1
204715.0,1,51.0,3.0,7.0,3.0,4.0,3.0,5.0,1.0,1.0,1.0,2.0,23406.0,0,2,1,Deluxe,3,2
204727.0,1,40.0,1.0,9.0,3.0,4.0,3.0,2.0,0.0,3.0,1.0,1.0,30847.0,0,2,1,Super Deluxe,1,0
204742.0,1,19.0,1.0,15.0,4.0,4.0,3.0,3.0,0.0,5.0,1.0,1.0,20582.0,0,3,1,Basic,2,1
204743.0,1,34.0,3.0,16.0,4.0,4.0,5.0,2.0,1.0,3.0,0.0,1.0,26902.0,1,3,0,Deluxe,3,2
204745.0,1,32.0,1.0,22.0,4.0,4.0,3.0,3.0,0.0,4.0,1.0,1.0,21288.0,0,3,1,Basic,1,1
204750.0,1,30.0,3.0,30.0,3.0,5.0,5.0,3.0,0.0,3.0,1.0,2.0,26014.0,1,2,0,Standard,1,3
204752.0,1,43.0,3.0,19.0,3.0,4.0,5.0,2.0,1.0,5.0,1.0,2.0,32436.0,0,2,1,Super Deluxe,2,0
204756.0,1,29.0,1.0,19.0,4.0,4.0,3.0,3.0,1.0,4.0,1.0,2.0,21193.0,1,2,0,Basic,1,1
204763.0,1,44.0,3.0,16.0,3.0,6.0,3.0,2.0,0.0,1.0,0.0,1.0,24024.0,1,3,0,Deluxe,3,2
204771.0,1,45.0,1.0,17.0,4.0,4.0,3.0,3.0,1.0,3.0,1.0,1.0,21614.0,1,2,1,Basic,3,1
204774.0,1,23.0,1.0,10.0,3.0,5.0,3.0,2.0,1.0,3.0,0.0,2.0,21531.0,0,2,1,Basic,1,1
204778.0,1,42.0,1.0,12.0,4.0,5.0,5.0,8.0,0.0,3.0,0.0,2.0,20785.0,0,2,1,Basic,1,1
204785.0,1,25.0,1.0,24.0,4.0,4.0,4.0,3.0,0.0,1.0,1.0,3.0,20888.0,1,2,0,Basic,1,1
204806.0,1,20.0,1.0,17.0,4.0,5.0,4.0,3.0,1.0,5.0,0.0,3.0,20537.0,0,3,0,Basic,2,1
204815.0,1,49.0,3.0,31.0,4.0,6.0,3.0,3.0,1.0,1.0,1.0,3.0,21237.0,0,2,1,Basic,2,1
204816.0,1,28.0,3.0,9.0,4.0,6.0,4.0,4.0,1.0,5.0,1.0,2.0,21195.0,1,3,0,King,2,4
204817.0,1,30.0,1.0,17.0,3.0,5.0,3.0,3.0,0.0,4.0,1.0,1.0,25301.0,0,2,0,Basic,3,1
204818.0,1,49.0,1.0,22.0,4.0,4.0,3.0,3.236520640269587,0.0,3.0,0.0,1.0,36943.0,1,3,0,Standard,1,3
204819.0,1,30.0,1.0,14.0,3.0,4.0,3.0,5.0,1.0,4.0,1.0,1.1872666943177106,34802.0,1,1,0,Basic,1,1
204820.0,1,35.0,1.0,14.0,4.0,4.0,3.0,3.0,0.0,3.0,0.0,1.0,21263.0,1,2,1,Deluxe,1,2
204821.0,1,45.0,1.0,30.0,4.0,4.0,5.0,3.236520640269587,0.0,3.0,0.0,3.0,36891.0,1,3,1,Basic,2,1
204822.0,1,34.0,3.0,32.0,3.0,5.0,4.0,4.0,1.0,5.0,1.0,1.0,27058.0,1,3,1,Standard,3,3
204823.0,1,20.0,3.0,12.0,4.0,4.0,4.0,2.0,1.0,4.0,1.0,1.0,21672.0,1,2,1,Standard,3,3
204824.0,1,24.0,3.0,8.0,3.0,4.0,4.0,3.0,1.0,5.0,1.0,2.0,19901.0,0,2,0,Basic,2,1
204825.0,1,26.0,1.0,15.490834591330602,3.0,4.0,5.0,6.0,0.0,5.0,1.0,1.0,19796.0,1,2,1,Basic,1,1
204826.0,1,27.0,1.0,14.0,3.0,5.0,5.0,2.0,1.0,4.0,1.0,2.0,21553.0,1,3,0,Standard,1,3
204827.0,1,46.0,3.0,20.0,3.0,2.0,3.0,3.236520640269587,1.0,3.0,1.0,1.0,37502.0,1,3,1,Super Deluxe,2,0
204828.0,1,56.0,3.0,9.0,3.0,5.0,3.0,2.0,0.0,5.0,0.0,1.0,32255.0,0,2,0,Basic,2,1
204829.0,1,22.0,3.0,25.0,4.0,4.0,3.0,2.0,1.0,5.0,0.0,2.0,21303.0,0,3,0,Deluxe,1,2
204830.0,1,47.0,1.0,29.0,4.0,4.0,3.0,3.236520640269587,1.0,5.0,1.0,3.0,37467.0,1,3,1,Deluxe,1,2
204831.0,1,35.0,1.0,24.0,3.0,4.0,3.0,3.0,1.0,5.0,1.0,1.0,23216.0,1,2,0,Basic,3,1
204832.0,1,52.0,1.0,35.0,4.0,5.0,3.581036610448375,5.0,0.0,3.0,0.0,1.0,38525.0,0,2,1,Deluxe,2,2
204833.0,1,60.0,1.0,21.0,3.0,4.0,3.0,2.0,1.0,5.0,1.0,1.0,29190.0,0,2,0,Standard,2,3
204834.0,1,35.0,3.0,8.0,3.0,6.0,3.0,3.0,0.0,3.0,0.0,2.0,23122.0,0,2,0,Basic,3,1
204835.0,1,29.0,1.0,15.0,3.0,5.0,4.0,3.0,0.0,4.0,0.0,2.0,20832.0,1,2,0,Basic,2,1
204836.0,1,45.0,3.0,16.0,4.0,5.0,5.0,3.236520640269587,0.0,1.0,1.0,3.0,37868.0,1,2,1,Basic,1,1
204837.0,1,35.0,3.0,16.0,3.0,4.0,3.0,6.0,0.0,3.0,1.0,2.0,23168.0,1,3,1,Standard,1,3
204838.0,1,36.0,1.0,9.0,3.0,5.0,5.0,4.0,1.0,3.0,0.0,1.0,22184.0,0,2,0,Basic,3,1
204839.0,1,43.0,1.0,8.0,4.0,2.0,4.0,3.0,0.0,3.0,1.0,1.0,21050.0,0,2,0,Standard,2,3
204840.0,1,44.0,1.0,9.0,4.0,4.0,3.0,8.0,1.0,3.0,0.0,1.0,28909.0,0,2,1,Basic,1,1
204841.0,1,37.0,2.0,16.0,3.0,4.0,3.0,3.0,0.0,1.0,1.0,1.0,24088.0,1,1,0,Basic,1,1
204842.0,1,45.0,3.0,8.0,4.0,4.0,3.0,5.0,0.0,3.0,1.0,2.0,26656.0,0,1,1,Basic,1,1
204843.0,1,29.0,3.0,20.0,3.0,4.0,4.0,7.0,0.0,3.0,1.0,1.0,22545.0,0,1,0,Deluxe,3,2
204844.0,1,52.0,3.0,31.0,3.0,5.0,4.0,2.0,1.0,5.0,1.0,2.0,21516.0,1,3,0,Deluxe,3,2
204845.0,1,31.0,1.0,16.0,3.0,4.0,5.0,4.0,1.0,3.0,0.0,2.0,23373.0,0,3,1,Basic,3,1
204846.0,1,30.0,1.0,9.0,3.0,5.0,5.0,2.0,0.0,4.0,1.0,2.0,22017.0,0,3,1,Basic,3,1
204847.0,1,29.0,1.0,8.0,4.0,5.0,5.0,8.0,0.0,3.0,1.0,2.0,20758.0,1,1,1,Basic,2,1
204848.0,1,26.0,1.0,16.0,3.0,4.0,5.0,5.0,0.0,1.0,1.0,1.0,20774.0,1,2,1,Basic,2,1
204849.0,1,33.0,1.0,10.0,3.0,4.0,3.0,3.0,0.0,4.0,1.0,1.0,24887.0,0,2,0,Basic,3,1
204850.0,1,46.0,3.0,8.0,4.0,5.0,5.0,3.236520640269587,0.0,4.0,1.0,3.0,36739.0,1,2,1,Deluxe,1,2
204851.0,1,40.0,1.0,9.0,4.0,4.0,5.0,3.236520640269587,1.0,1.0,1.0,1.0,35801.0,1,2,0,Basic,1,1
204852.0,1,59.0,1.0,9.0,4.0,5.0,3.0,2.0,0.0,5.0,0.0,1.0,21050.0,1,1,0,Standard,1,3
204853.0,1,33.0,1.0,9.0,3.0,4.0,4.0,6.0,0.0,4.0,1.0,2.0,23561.0,1,3,1,Deluxe,1,2
204854.0,1,40.0,1.0,31.0,3.0,4.0,4.0,3.0,1.0,1.0,0.0,1.0,22582.0,1,3,1,Basic,1,1
204855.0,1,31.0,3.0,10.0,4.0,4.0,3.0,3.0,1.0,5.0,1.0,2.0,23305.0,0,3,0,Basic,3,1
204856.0,1,37.0,3.0,17.0,3.0,5.0,5.0,2.0,0.0,5.0,0.0,1.0,25772.0,1,3,1,Standard,1,3
204857.0,1,47.0,3.0,22.0,3.0,6.0,3.0,8.0,1.0,1.0,0.0,2.0,22101.0,1,3,1,Deluxe,1,2
204858.0,1,29.0,1.0,14.0,4.0,4.0,5.0,5.0,1.0,3.0,0.0,3.0,25352.0,1,2,1,Basic,3,1
204859.0,1,51.0,3.0,19.0,3.0,4.0,3.0,5.0,1.0,3.0,1.0,2.0,35558.0,0,2,1,Deluxe,2,2
204860.0,1,41.0,1.0,15.0,4.0,5.0,3.0,3.0,1.0,4.0,1.0,3.0,27772.0,1,3,1,Basic,3,1
204861.0,1,53.0,3.0,14.0,4.0,4.0,3.0,4.0,1.0,4.0,1.0,3.0,27124.0,0,3,0,Basic,1,1
204862.0,1,31.0,1.0,9.0,4.0,4.0,4.0,3.0,0.0,3.0,0.0,1.0,30594.0,1,2,1,Basic,2,1
204863.0,1,40.0,3.0,14.0,4.0,4.0,3.0,3.0,1.0,1.0,1.0,3.0,23212.0,1,2,1,Basic,1,1
204864.0,1,32.0,2.0,29.0,3.0,6.0,3.0,3.0,0.0,1.0,0.0,2.0,28530.0,1,2,1,Basic,1,1
204865.0,1,42.0,3.0,16.0,3.0,6.0,3.0,2.0,0.0,5.0,1.0,2.0,24829.0,0,2,1,Super Deluxe,1,0
204866.0,1,32.0,3.0,20.0,4.0,5.0,5.0,7.0,1.0,1.0,1.0,1.0,20980.0,1,3,1,Deluxe,1,2
204867.0,1,45.0,3.0,8.0,3.0,6.0,4.0,8.0,0.0,3.0,0.0,2.0,21040.0,1,2,1,Deluxe,2,2
204868.0,1,43.0,2.0,15.0,4.0,5.0,3.0,3.236520640269587,0.0,5.0,1.0,2.0,36539.0,0,2,0,Basic,1,1
204869.0,1,56.0,3.0,16.0,3.0,6.0,4.0,3.236520640269587,0.0,1.0,1.0,2.0,37865.0,1,3,0,Basic,2,1
204870.0,1,57.0,3.0,23.0,4.0,4.0,3.581036610448375,4.0,1.0,5.0,1.0,3.0,38395.0,1,2,0,Standard,2,3
204871.0,1,41.0,3.0,23.0,4.0,4.0,3.0,4.0,0.0,5.0,0.0,2.0,22222.0,1,3,1,Standard,1,3
204872.0,1,35.0,1.0,24.0,3.0,5.0,3.0,2.0,1.0,5.0,1.0,2.0,27178.0,0,1,1,Basic,1,1
204873.0,1,41.0,3.0,14.0,3.0,4.0,4.0,3.0,0.0,5.0,0.0,1.0,23339.0,1,3,1,Basic,3,1
204874.0,1,42.0,1.0,15.0,4.0,4.0,5.0,3.0,1.0,3.0,0.0,3.0,22781.0,1,3,0,Basic,1,1
204875.0,1,36.0,1.0,8.0,4.0,4.0,4.0,3.0,1.0,3.0,1.0,1.0,22927.0,0,3,1,Basic,1,1
204876.0,1,52.0,3.0,34.0,3.0,4.0,3.0,3.0,1.0,5.0,1.0,2.0,32704.0,1,2,1,Deluxe,2,2
204877.0,1,39.0,1.0,16.0,4.0,4.0,5.0,6.0,0.0,3.0,0.0,3.0,25571.0,0,2,1,Deluxe,1,2
204878.0,1,35.0,1.0,17.0,3.0,4.0,5.0,3.0,0.0,4.0,0.0,1.0,24803.0,1,3,1,Deluxe,3,2
204879.0,1,26.0,2.0,27.0,4.0,4.0,4.0,2.0,1.0,3.0,0.0,2.0,22347.0,1,3,0,Basic,1,1
204880.0,1,59.0,1.0,28.0,4.0,4.0,4.0,6.0,0.0,3.0,1.0,2.0,28686.0,1,3,0,Deluxe,1,2
204881.0,1,41.0,2.0,25.0,3.0,2.0,5.0,2.0,0.0,1.0,1.0,2.0,21065.0,1,2,1,Basic,1,1
204882.0,1,37.0,2.0,20.0,3.0,5.0,5.0,6.0,1.0,5.0,1.0,2.0,23317.0,1,2,1,Basic,1,1
204883.0,1,49.0,3.0,9.0,3.0,5.0,4.0,2.0,1.0,1.0,1.0,1.0,26576.0,1,3,1,Deluxe,3,2
204884.0,1,28.0,1.0,31.0,4.0,5.0,3.0,3.0,1.0,3.0,1.0,2.0,21212.0,0,2,1,Basic,2,1
204885.0,1,52.0,3.0,17.0,4.0,4.0,4.0,7.0,0.0,1.0,1.0,3.0,31820.0,1,2,0,Standard,1,3
204886.0,1,19.0,3.0,16.0,3.0,4.0,3.0,3.0,0.0,5.0,0.0,2.0,20289.0,1,3,1,Basic,2,1
204887.0,1,36.0,1.0,14.0,4.0,4.0,4.0,3.0,1.0,3.0,1.0,2.0,24041.0,1,2,1,Basic,3,1
